DATE_GMT,precipitation
1-Jan-11,0
2-Jan-11,0
3-Jan-11,0
4-Jan-11,0
5-Jan-11,0
6-Jan-11,0
7-Jan-11,0
8-Jan-11,0
9-Jan-11,0
10-Jan-11,0.088
11-Jan-11,0
12-Jan-11,3.894
13-Jan-11,0.948
14-Jan-11,0.079
15-Jan-11,0
16-Jan-11,0
17-Jan-11,0
18-Jan-11,1.446
19-Jan-11,0
20-Jan-11,0
21-Jan-11,0
22-Jan-11,0
23-Jan-11,0
24-Jan-11,0
25-Jan-11,0
26-Jan-11,0
27-Jan-11,0
28-Jan-11,0
29-Jan-11,0
30-Jan-11,0
31-Jan-11,0
1-Feb-11,0
2-Feb-11,0
3-Feb-11,0
4-Feb-11,0
5-Feb-11,0
6-Feb-11,0
7-Feb-11,0
8-Feb-11,0
9-Feb-11,0
10-Feb-11,0
11-Feb-11,0
12-Feb-11,0
13-Feb-11,0
14-Feb-11,0
15-Feb-11,0
16-Feb-11,0
17-Feb-11,0
18-Feb-11,0
19-Feb-11,0.494
20-Feb-11,2.465
21-Feb-11,0
22-Feb-11,0
23-Feb-11,0
24-Feb-11,0
25-Feb-11,0
26-Feb-11,0
27-Feb-11,0
28-Feb-11,2.582
1-Mar-11,7.981
2-Mar-11,0.62
3-Mar-11,2.045
4-Mar-11,0
5-Mar-11,9.416
6-Mar-11,0
7-Mar-11,0
8-Mar-11,0
9-Mar-11,0
10-Mar-11,0
11-Mar-11,0
12-Mar-11,11.381
13-Mar-11,0
14-Mar-11,0
15-Mar-11,0
16-Mar-11,0
17-Mar-11,0
18-Mar-11,0
19-Mar-11,0
20-Mar-11,0
21-Mar-11,19.71
22-Mar-11,9.882
23-Mar-11,18.436
24-Mar-11,6.451
25-Mar-11,0
26-Mar-11,0
27-Mar-11,0
28-Mar-11,0
29-Mar-11,0
30-Mar-11,0
31-Mar-11,0
1-Apr-11,12.258
2-Apr-11,1.624
3-Apr-11,12.258
4-Apr-11,0
5-Apr-11,0
6-Apr-11,0
7-Apr-11,0
8-Apr-11,0
9-Apr-11,0
10-Apr-11,0
11-Apr-11,0
12-Apr-11,0
13-Apr-11,0
14-Apr-11,0
15-Apr-11,0
16-Apr-11,0
17-Apr-11,0
18-Apr-11,9.085
19-Apr-11,7.5
20-Apr-11,0
21-Apr-11,0
22-Apr-11,0
23-Apr-11,22.51
24-Apr-11,0
25-Apr-11,2.539
26-Apr-11,0
27-Apr-11,0
28-Apr-11,7.642
29-Apr-11,1.953
30-Apr-11,0.362
1-May-11,0.417
2-May-11,16.708
3-May-11,0
4-May-11,14.012
5-May-11,3.678
6-May-11,6.345
7-May-11,5.047
8-May-11,3.781
9-May-11,10.895
10-May-11,0.924
11-May-11,4.068
12-May-11,11.6
13-May-11,5.167
14-May-11,7.733
15-May-11,7.733
16-May-11,3.955
17-May-11,3.955
18-May-11,7.909
19-May-11,2.765
20-May-11,0.491
21-May-11,0
22-May-11,0.836
23-May-11,0.589
24-May-11,0
25-May-11,17.003
26-May-11,2.364
27-May-11,9.223
28-May-11,9.918
29-May-11,11.267
30-May-11,0
31-May-11,3.756
1-Jun-11,3.964
2-Jun-11,0.575
3-Jun-11,4.705
4-Jun-11,8.964
5-Jun-11,10.143
6-Jun-11,12.871
7-Jun-11,6.208
8-Jun-11,9.499
9-Jun-11,9.572
10-Jun-11,6.348
11-Jun-11,14.086
12-Jun-11,11.06
13-Jun-11,7.396
14-Jun-11,0
15-Jun-11,7.043
16-Jun-11,0.573
17-Jun-11,7.559
18-Jun-11,11.99
19-Jun-11,0
20-Jun-11,0
21-Jun-11,7.267
22-Jun-11,3.353
23-Jun-11,7.148
24-Jun-11,0
25-Jun-11,0
26-Jun-11,0
27-Jun-11,4.849
28-Jun-11,3.177
29-Jun-11,10.571
30-Jun-11,12.075
1-Jul-11,11.266
2-Jul-11,0.233
3-Jul-11,0
4-Jul-11,10.501
5-Jul-11,6.494
6-Jul-11,3.285
7-Jul-11,10.521
8-Jul-11,4.32
9-Jul-11,1.865
10-Jul-11,8.678
11-Jul-11,6.735
12-Jul-11,6.99
13-Jul-11,6.555
14-Jul-11,10.037
15-Jul-11,2.352
16-Jul-11,0.442
17-Jul-11,0
18-Jul-11,4.233
19-Jul-11,3.763
20-Jul-11,7.256
21-Jul-11,7.08
22-Jul-11,5.08
23-Jul-11,2.452
24-Jul-11,8.669
25-Jul-11,2.806
26-Jul-11,11.413
27-Jul-11,9.338
28-Jul-11,17.12
29-Jul-11,3.768
30-Jul-11,8.645
31-Jul-11,0
1-Aug-11,0
2-Aug-11,0.541
3-Aug-11,1.882
4-Aug-11,0
5-Aug-11,8.775
6-Aug-11,5.783
7-Aug-11,1.236
8-Aug-11,2.566
9-Aug-11,4.227
10-Aug-11,0.11
11-Aug-11,0.146
12-Aug-11,3.497
13-Aug-11,4.74
14-Aug-11,8.34
15-Aug-11,6.098
16-Aug-11,3.519
17-Aug-11,4.565
18-Aug-11,10.82
19-Aug-11,1.028
20-Aug-11,0.226
21-Aug-11,0
22-Aug-11,11.129
23-Aug-11,8.665
24-Aug-11,7.826
25-Aug-11,6.257
26-Aug-11,13.422
27-Aug-11,6.734
28-Aug-11,0
29-Aug-11,2.239
30-Aug-11,0
31-Aug-11,6.41
1-Sep-11,9.462
2-Sep-11,7.969
3-Sep-11,1.855
4-Sep-11,1.609
5-Sep-11,7.279
6-Sep-11,14.173
7-Sep-11,10.415
8-Sep-11,4.724
9-Sep-11,13.16
10-Sep-11,1.484
11-Sep-11,0.842
12-Sep-11,6.172
13-Sep-11,2.609
14-Sep-11,18.62
15-Sep-11,5.996
16-Sep-11,2.327
17-Sep-11,0
18-Sep-11,13.08
19-Sep-11,12.498
20-Sep-11,22.288
21-Sep-11,30.1
22-Sep-11,29.118
23-Sep-11,17.258
24-Sep-11,0
25-Sep-11,15.05
26-Sep-11,0
27-Sep-11,4.935
28-Sep-11,14.984
29-Sep-11,0
30-Sep-11,0
1-Oct-11,2.935
2-Oct-11,14.558
3-Oct-11,27.619
4-Oct-11,14.045
5-Oct-11,0.423
6-Oct-11,6.026
7-Oct-11,4.819
8-Oct-11,24.104
9-Oct-11,3.036
10-Oct-11,0.655
11-Oct-11,1.154
12-Oct-11,18.895
13-Oct-11,16.165
14-Oct-11,14.668
15-Oct-11,27.603
16-Oct-11,4.84
17-Oct-11,14.805
18-Oct-11,4.338
19-Oct-11,5.853
20-Oct-11,1.073
21-Oct-11,2.411
22-Oct-11,9.007
23-Oct-11,25.268
24-Oct-11,0.734
25-Oct-11,4.033
26-Oct-11,11.083
27-Oct-11,7.855
28-Oct-11,5.812
29-Oct-11,0
30-Oct-11,0
31-Oct-11,0
1-Nov-11,0
2-Nov-11,0
3-Nov-11,0
4-Nov-11,0.439
5-Nov-11,28.7
6-Nov-11,19.382
7-Nov-11,13.273
8-Nov-11,8.584
9-Nov-11,0
10-Nov-11,0
11-Nov-11,0
12-Nov-11,0
13-Nov-11,0
14-Nov-11,0
15-Nov-11,0
16-Nov-11,11.487
17-Nov-11,5.626
18-Nov-11,17.113
19-Nov-11,4.464
20-Nov-11,0
21-Nov-11,0
22-Nov-11,0
23-Nov-11,0
24-Nov-11,0
25-Nov-11,0
26-Nov-11,0
27-Nov-11,0
28-Nov-11,0
29-Nov-11,0
30-Nov-11,0
1-Dec-11,0.152
2-Dec-11,0
3-Dec-11,5.308
4-Dec-11,2.375
5-Dec-11,0
6-Dec-11,0
7-Dec-11,18.554
8-Dec-11,0
9-Dec-11,0
10-Dec-11,0
11-Dec-11,0
12-Dec-11,5.07
13-Dec-11,5.565
14-Dec-11,0
15-Dec-11,5.677
16-Dec-11,0
17-Dec-11,0
18-Dec-11,0
19-Dec-11,0
20-Dec-11,0
21-Dec-11,0
22-Dec-11,0
23-Dec-11,0
24-Dec-11,0
25-Dec-11,0
26-Dec-11,0
27-Dec-11,0
28-Dec-11,0
29-Dec-11,0
30-Dec-11,6.271
31-Dec-11,0
1-Jan-12,0
2-Jan-12,0
3-Jan-12,0
4-Jan-12,0
5-Jan-12,0
6-Jan-12,0
7-Jan-12,0
8-Jan-12,0
9-Jan-12,0
10-Jan-12,0
11-Jan-12,0
12-Jan-12,0
13-Jan-12,0
14-Jan-12,0
15-Jan-12,0
16-Jan-12,4.011
17-Jan-12,4.011
18-Jan-12,0
19-Jan-12,0
20-Jan-12,0
21-Jan-12,0
22-Jan-12,0
23-Jan-12,0
24-Jan-12,0
25-Jan-12,0
26-Jan-12,0
27-Jan-12,0
28-Jan-12,2.62
29-Jan-12,3.311
30-Jan-12,0
31-Jan-12,0
1-Feb-12,2.575
2-Feb-12,0.05
3-Feb-12,0
4-Feb-12,0
5-Feb-12,0
6-Feb-12,0
7-Feb-12,0
8-Feb-12,0
9-Feb-12,0
10-Feb-12,0
11-Feb-12,0
12-Feb-12,0
13-Feb-12,0
14-Feb-12,0
15-Feb-12,0
16-Feb-12,0
17-Feb-12,20.114
18-Feb-12,0
19-Feb-12,0
20-Feb-12,0
21-Feb-12,0
22-Feb-12,0
23-Feb-12,0
24-Feb-12,0
25-Feb-12,0
26-Feb-12,0
27-Feb-12,0
28-Feb-12,0
29-Feb-12,0
1-Mar-12,7.781
2-Mar-12,0
3-Mar-12,0
4-Mar-12,7.781
5-Mar-12,0
6-Mar-12,0
7-Mar-12,0
8-Mar-12,7.159
9-Mar-12,0
10-Mar-12,0
11-Mar-12,0
12-Mar-12,0
13-Mar-12,0
14-Mar-12,0
15-Mar-12,19.094
16-Mar-12,0
17-Mar-12,0
18-Mar-12,0
19-Mar-12,0
20-Mar-12,5.491
21-Mar-12,4.428
22-Mar-12,0
23-Mar-12,5.677
24-Mar-12,7.767
25-Mar-12,0
26-Mar-12,0
27-Mar-12,0
28-Mar-12,0
29-Mar-12,0
30-Mar-12,0
31-Mar-12,18.298
1-Apr-12,0
2-Apr-12,0
3-Apr-12,11.996
4-Apr-12,0
5-Apr-12,0
6-Apr-12,4.349
7-Apr-12,0
8-Apr-12,8.693
9-Apr-12,7.299
10-Apr-12,8.693
11-Apr-12,8.927
12-Apr-12,4.236
13-Apr-12,4.927
14-Apr-12,3.132
15-Apr-12,2.523
16-Apr-12,0
17-Apr-12,0
18-Apr-12,0
19-Apr-12,0.366
20-Apr-12,0
21-Apr-12,11.739
22-Apr-12,10.381
23-Apr-12,0
24-Apr-12,0
25-Apr-12,4.925
26-Apr-12,25.202
27-Apr-12,13.511
28-Apr-12,15.441
29-Apr-12,15.113
30-Apr-12,16.031
1-May-12,0
2-May-12,0
3-May-12,4.875
4-May-12,0
5-May-12,4.717
6-May-12,2.398
7-May-12,7.792
8-May-12,9.93
9-May-12,0.912
10-May-12,0
11-May-12,10.333
12-May-12,8.564
13-May-12,12.846
14-May-12,17.128
15-May-12,12.733
16-May-12,0
17-May-12,8.752
18-May-12,0
19-May-12,2.955
20-May-12,0
21-May-12,3.121
22-May-12,6.072
23-May-12,15.374
24-May-12,15.527
25-May-12,6.529
26-May-12,9.765
27-May-12,2.133
28-May-12,0
29-May-12,0
30-May-12,6.37
31-May-12,16.542
1-Jun-12,9.577
2-Jun-12,1.502
3-Jun-12,15.106
4-Jun-12,0
5-Jun-12,15.819
6-Jun-12,9.187
7-Jun-12,8.903
8-Jun-12,3.546
9-Jun-12,0.471
10-Jun-12,0
11-Jun-12,0
12-Jun-12,0
13-Jun-12,0
14-Jun-12,5.643
15-Jun-12,2.455
16-Jun-12,3.543
17-Jun-12,0.713
18-Jun-12,2.404
19-Jun-12,0
20-Jun-12,2.404
21-Jun-12,0
22-Jun-12,0
23-Jun-12,4.396
24-Jun-12,0
25-Jun-12,6.132
26-Jun-12,3.34
27-Jun-12,3.453
28-Jun-12,7.813
29-Jun-12,5.665
30-Jun-12,10.999
1-Jul-12,10.731
2-Jul-12,10.48
3-Jul-12,14.339
4-Jul-12,10.994
5-Jul-12,12.985
6-Jul-12,12.079
7-Jul-12,12.104
8-Jul-12,0
9-Jul-12,8.926
10-Jul-12,6.961
11-Jul-12,12.547
12-Jul-12,12.072
13-Jul-12,2.367
14-Jul-12,0
15-Jul-12,0
16-Jul-12,12.021
17-Jul-12,18.218
18-Jul-12,4.399
19-Jul-12,8.513
20-Jul-12,8.12
21-Jul-12,0
22-Jul-12,0
23-Jul-12,0
24-Jul-12,13.264
25-Jul-12,0
26-Jul-12,1.569
27-Jul-12,17.846
28-Jul-12,14.955
29-Jul-12,0
30-Jul-12,1.727
31-Jul-12,0
1-Aug-12,9.066
2-Aug-12,0
3-Aug-12,0
4-Aug-12,0.585
5-Aug-12,0
6-Aug-12,0
7-Aug-12,1.622
8-Aug-12,1.622
9-Aug-12,0
10-Aug-12,0
11-Aug-12,0
12-Aug-12,0
13-Aug-12,0
14-Aug-12,2.258
15-Aug-12,0
16-Aug-12,8.34
17-Aug-12,8.158
18-Aug-12,2.905
19-Aug-12,0
20-Aug-12,5.257
21-Aug-12,6.257
22-Aug-12,6.92
23-Aug-12,2.307
24-Aug-12,2.307
25-Aug-12,4.738
26-Aug-12,10.252
27-Aug-12,0
28-Aug-12,7.788
29-Aug-12,0.979
30-Aug-12,0
31-Aug-12,12.004
1-Sep-12,8.348
2-Sep-12,4.989
3-Sep-12,5.319
4-Sep-12,7.284
5-Sep-12,11.506
6-Sep-12,6.532
7-Sep-12,0
8-Sep-12,6.532
9-Sep-12,0
10-Sep-12,27.2
11-Sep-12,4.47
12-Sep-12,30.852
13-Sep-12,1.356
14-Sep-12,17.873
15-Sep-12,17.869
16-Sep-12,2.604
17-Sep-12,0
18-Sep-12,3.351
19-Sep-12,13.087
20-Sep-12,6.477
21-Sep-12,5.355
22-Sep-12,5.355
23-Sep-12,7.71
24-Sep-12,16.304
25-Sep-12,11.781
26-Sep-12,15.007
27-Sep-12,28.76
28-Sep-12,2.048
29-Sep-12,1.777
30-Sep-12,8.667
1-Oct-12,20.668
2-Oct-12,13.759
3-Oct-12,0
4-Oct-12,17.618
5-Oct-12,16.229
6-Oct-12,37.225
7-Oct-12,21.821
8-Oct-12,17.611
9-Oct-12,13.361
10-Oct-12,10.348
11-Oct-12,0
12-Oct-12,13.41
13-Oct-12,9.224
14-Oct-12,0
15-Oct-12,0.326
16-Oct-12,2.297
17-Oct-12,11.079
18-Oct-12,0.653
19-Oct-12,0
20-Oct-12,0
21-Oct-12,15.786
22-Oct-12,18.987
23-Oct-12,16.107
24-Oct-12,0
25-Oct-12,0
26-Oct-12,0
27-Oct-12,0
28-Oct-12,0
29-Oct-12,17.59
30-Oct-12,7.183
31-Oct-12,18.359
1-Nov-12,8.769
2-Nov-12,0
3-Nov-12,6.048
4-Nov-12,16.587
5-Nov-12,0
6-Nov-12,8.267
7-Nov-12,1.807
8-Nov-12,0
9-Nov-12,0
10-Nov-12,5.325
11-Nov-12,13.573
12-Nov-12,0
13-Nov-12,5.271
14-Nov-12,7.707
15-Nov-12,3.567
16-Nov-12,9.639
17-Nov-12,0
18-Nov-12,16.849
19-Nov-12,18.556
20-Nov-12,0
21-Nov-12,8.558
22-Nov-12,1.518
23-Nov-12,8.933
24-Nov-12,8.558
25-Nov-12,17.116
26-Nov-12,0
27-Nov-12,7.797
28-Nov-12,0
29-Nov-12,0
30-Nov-12,0
1-Dec-12,0
2-Dec-12,0
3-Dec-12,0
4-Dec-12,0
5-Dec-12,0
6-Dec-12,0
7-Dec-12,0
8-Dec-12,0.384
9-Dec-12,0
10-Dec-12,0
11-Dec-12,0
12-Dec-12,0
13-Dec-12,7.226
14-Dec-12,6.86
15-Dec-12,0
16-Dec-12,0
17-Dec-12,0
18-Dec-12,0
19-Dec-12,0
20-Dec-12,0
21-Dec-12,0
22-Dec-12,0
23-Dec-12,0
24-Dec-12,0
25-Dec-12,0
26-Dec-12,0
27-Dec-12,0
28-Dec-12,0
29-Dec-12,0
30-Dec-12,0
31-Dec-12,0
1-Jan-13,0
2-Jan-13,0
3-Jan-13,0
4-Jan-13,0
5-Jan-13,6.504
6-Jan-13,2.092
7-Jan-13,4.867
8-Jan-13,0
9-Jan-13,0
10-Jan-13,0
11-Jan-13,0
12-Jan-13,0
13-Jan-13,0
14-Jan-13,0
15-Jan-13,0
16-Jan-13,0
17-Jan-13,0
18-Jan-13,0
19-Jan-13,0
20-Jan-13,0
21-Jan-13,0
22-Jan-13,0
23-Jan-13,0
24-Jan-13,0
25-Jan-13,0
26-Jan-13,0
27-Jan-13,0
28-Jan-13,0
29-Jan-13,0
30-Jan-13,0
31-Jan-13,0
1-Feb-13,0
2-Feb-13,0
3-Feb-13,0
4-Feb-13,0
5-Feb-13,0
6-Feb-13,0
7-Feb-13,0
8-Feb-13,0
9-Feb-13,0
10-Feb-13,0
11-Feb-13,0
12-Feb-13,0
13-Feb-13,0
14-Feb-13,0
15-Feb-13,0
16-Feb-13,0
17-Feb-13,0
18-Feb-13,0
19-Feb-13,0
20-Feb-13,0
21-Feb-13,4.652
22-Feb-13,7.532
23-Feb-13,0
24-Feb-13,0
25-Feb-13,0
26-Feb-13,0
27-Feb-13,0
28-Feb-13,0
1-Mar-13,0
2-Mar-13,0
3-Mar-13,0
4-Mar-13,0
5-Mar-13,0
6-Mar-13,0
7-Mar-13,0
8-Mar-13,0
9-Mar-13,0
10-Mar-13,0
11-Mar-13,0
12-Mar-13,0
13-Mar-13,5.431
14-Mar-13,0
15-Mar-13,7.093
16-Mar-13,0
17-Mar-13,0
18-Mar-13,0
19-Mar-13,0
20-Mar-13,0
21-Mar-13,4.786
22-Mar-13,0
23-Mar-13,2.777
24-Mar-13,4.786
25-Mar-13,4.786
26-Mar-13,14.693
27-Mar-13,9.342
28-Mar-13,7.738
29-Mar-13,2.37
30-Mar-13,0
31-Mar-13,0
1-Apr-13,2.654
2-Apr-13,0
3-Apr-13,0.173
4-Apr-13,8.89
5-Apr-13,0
6-Apr-13,0
7-Apr-13,2.728
8-Apr-13,7.781
9-Apr-13,0
10-Apr-13,8.554
11-Apr-13,7.724
12-Apr-13,16.102
13-Apr-13,10.392
14-Apr-13,6.443
15-Apr-13,0
16-Apr-13,0
17-Apr-13,35.303
18-Apr-13,8.633
19-Apr-13,0
20-Apr-13,0
21-Apr-13,0.153
22-Apr-13,12.883
23-Apr-13,6.673
24-Apr-13,5.541
25-Apr-13,0
26-Apr-13,0.237
27-Apr-13,8.804
28-Apr-13,11.772
29-Apr-13,0
30-Apr-13,0
1-May-13,7.966
2-May-13,0
3-May-13,8.682
4-May-13,2.965
5-May-13,10.938
6-May-13,4.47
7-May-13,3.563
8-May-13,1.511
9-May-13,7.126
10-May-13,0
11-May-13,5.635
12-May-13,8.593
13-May-13,0
14-May-13,0
15-May-13,8.593
16-May-13,0
17-May-13,5.009
18-May-13,11.736
19-May-13,13.688
20-May-13,0
21-May-13,1.257
22-May-13,1.83
23-May-13,6.871
24-May-13,9.287
25-May-13,0
26-May-13,1.066
27-May-13,0
28-May-13,2.704
29-May-13,10.665
30-May-13,13.437
31-May-13,10.224
1-Jun-13,0.209
2-Jun-13,15.96
3-Jun-13,9.854
4-Jun-13,14.77
5-Jun-13,4.125
6-Jun-13,4.283
7-Jun-13,0
8-Jun-13,0
9-Jun-13,5.154
10-Jun-13,2.258
11-Jun-13,17.983
12-Jun-13,9.633
13-Jun-13,7.616
14-Jun-13,14.593
15-Jun-13,13.682
16-Jun-13,12.556
17-Jun-13,14.011
18-Jun-13,4.429
19-Jun-13,8.371
20-Jun-13,8.371
21-Jun-13,6.505
22-Jun-13,11.34
23-Jun-13,9.559
24-Jun-13,1.07
25-Jun-13,2.394
26-Jun-13,0.184
27-Jun-13,4.221
28-Jun-13,10.903
29-Jun-13,0
30-Jun-13,3.07
1-Jul-13,0
2-Jul-13,8.366
3-Jul-13,9.1
4-Jul-13,3.549
5-Jul-13,6.569
6-Jul-13,10.286
7-Jul-13,20.572
8-Jul-13,10.824
9-Jul-13,7.586
10-Jul-13,1.889
11-Jul-13,0
12-Jul-13,0
13-Jul-13,0
14-Jul-13,2.586
15-Jul-13,21.067
16-Jul-13,11.847
17-Jul-13,6.708
18-Jul-13,9.903
19-Jul-13,18.129
20-Jul-13,12.955
21-Jul-13,1.833
22-Jul-13,16.572
23-Jul-13,13.862
24-Jul-13,22.709
25-Jul-13,0
26-Jul-13,0
27-Jul-13,14.084
28-Jul-13,18.39
29-Jul-13,3.848
30-Jul-13,7.337
31-Jul-13,7.695
1-Aug-13,6.507
2-Aug-13,7.134
3-Aug-13,9.774
4-Aug-13,0.622
5-Aug-13,7.565
6-Aug-13,9.876
7-Aug-13,12.39
8-Aug-13,9.103
9-Aug-13,10.226
10-Aug-13,5.461
11-Aug-13,9.52
12-Aug-13,11.352
13-Aug-13,3.592
14-Aug-13,0
15-Aug-13,7.104
16-Aug-13,0
17-Aug-13,9.138
18-Aug-13,0
19-Aug-13,0
20-Aug-13,0
21-Aug-13,0
22-Aug-13,0
23-Aug-13,4.971
24-Aug-13,2.106
25-Aug-13,14.383
26-Aug-13,0
27-Aug-13,8.345
28-Aug-13,7.664
29-Aug-13,10.467
30-Aug-13,4.715
31-Aug-13,0
1-Sep-13,9.29
2-Sep-13,0
3-Sep-13,9.447
4-Sep-13,13.234
5-Sep-13,9.447
6-Sep-13,6.998
7-Sep-13,11.009
8-Sep-13,0
9-Sep-13,14.141
10-Sep-13,3.788
11-Sep-13,0.268
12-Sep-13,18.352
13-Sep-13,23.363
14-Sep-13,7.294
15-Sep-13,0.268
16-Sep-13,8.387
17-Sep-13,9.791
18-Sep-13,25.213
19-Sep-13,7.361
20-Sep-13,0
21-Sep-13,0
22-Sep-13,0
23-Sep-13,0
24-Sep-13,0
25-Sep-13,4.361
26-Sep-13,11.615
27-Sep-13,21.382
28-Sep-13,5.452
29-Sep-13,5.978
30-Sep-13,9.421
1-Oct-13,12.671
2-Oct-13,25.889
3-Oct-13,31.364
4-Oct-13,1.481
5-Oct-13,0
6-Oct-13,41.196
7-Oct-13,0.953
8-Oct-13,23.608
9-Oct-13,9.135
10-Oct-13,0
11-Oct-13,8.658
12-Oct-13,6.958
13-Oct-13,0
14-Oct-13,0
15-Oct-13,20.874
16-Oct-13,19.509
17-Oct-13,15.586
18-Oct-13,24.693
19-Oct-13,4.864
20-Oct-13,4.769
21-Oct-13,0
22-Oct-13,0.666
23-Oct-13,0
24-Oct-13,0
25-Oct-13,13.477
26-Oct-13,0
27-Oct-13,0
28-Oct-13,0
29-Oct-13,0
30-Oct-13,0
31-Oct-13,0
1-Nov-13,0
2-Nov-13,0
3-Nov-13,0
4-Nov-13,0
5-Nov-13,4.44
6-Nov-13,24.054
7-Nov-13,5.622
8-Nov-13,0
9-Nov-13,10.3
10-Nov-13,0
11-Nov-13,0
12-Nov-13,8.19
13-Nov-13,0
14-Nov-13,0
15-Nov-13,5.342
16-Nov-13,15.043
17-Nov-13,0
18-Nov-13,0.561
19-Nov-13,0
20-Nov-13,5.146
21-Nov-13,0
22-Nov-13,8.943
23-Nov-13,3.402
24-Nov-13,5.835
25-Nov-13,7.691
26-Nov-13,0
27-Nov-13,5.434
28-Nov-13,5.434
29-Nov-13,0
30-Nov-13,0
1-Dec-13,0
2-Dec-13,0
3-Dec-13,0
4-Dec-13,0
5-Dec-13,0
6-Dec-13,0
7-Dec-13,0
8-Dec-13,0
9-Dec-13,0
10-Dec-13,0.438
11-Dec-13,0
12-Dec-13,0
13-Dec-13,0
14-Dec-13,10.121
15-Dec-13,0
16-Dec-13,0
17-Dec-13,0.252
18-Dec-13,0
19-Dec-13,0
20-Dec-13,0
21-Dec-13,0
22-Dec-13,0
23-Dec-13,0
24-Dec-13,0
25-Dec-13,0
26-Dec-13,2.891
27-Dec-13,0.954
28-Dec-13,0
29-Dec-13,0
30-Dec-13,0
31-Dec-13,0
1-Jan-14,0
2-Jan-14,0
3-Jan-14,0
4-Jan-14,0
5-Jan-14,0
6-Jan-14,0
7-Jan-14,0
8-Jan-14,0.447
9-Jan-14,0
10-Jan-14,0
11-Jan-14,0
12-Jan-14,0
13-Jan-14,0
14-Jan-14,0
15-Jan-14,0
16-Jan-14,0
17-Jan-14,0
18-Jan-14,0
19-Jan-14,0
20-Jan-14,0
21-Jan-14,0
22-Jan-14,0
23-Jan-14,0
24-Jan-14,0
25-Jan-14,0
26-Jan-14,0
27-Jan-14,0
28-Jan-14,0
29-Jan-14,0
30-Jan-14,0
31-Jan-14,0
1-Feb-14,0
2-Feb-14,0
3-Feb-14,0
4-Feb-14,0
5-Feb-14,0
6-Feb-14,0
7-Feb-14,0
8-Feb-14,0
9-Feb-14,0
10-Feb-14,0
11-Feb-14,0
12-Feb-14,0
13-Feb-14,0
14-Feb-14,0
15-Feb-14,0
16-Feb-14,0
17-Feb-14,0
18-Feb-14,0
19-Feb-14,0
20-Feb-14,2.187
21-Feb-14,0
22-Feb-14,2.739
23-Feb-14,0
24-Feb-14,0
25-Feb-14,0
26-Feb-14,0
27-Feb-14,0
28-Feb-14,0
1-Mar-14,0
2-Mar-14,0
3-Mar-14,0
4-Mar-14,0
5-Mar-14,0
6-Mar-14,0
7-Mar-14,0
8-Mar-14,0
9-Mar-14,0
10-Mar-14,0
11-Mar-14,0
12-Mar-14,0
13-Mar-14,0
14-Mar-14,0
15-Mar-14,0
16-Mar-14,0
17-Mar-14,0
18-Mar-14,0
19-Mar-14,0
20-Mar-14,0
21-Mar-14,0.46
22-Mar-14,0
23-Mar-14,0
24-Mar-14,0
25-Mar-14,0
26-Mar-14,0
27-Mar-14,0
28-Mar-14,0
29-Mar-14,0
30-Mar-14,0.735
31-Mar-14,12.501
1-Apr-14,8.663
2-Apr-14,0.505
3-Apr-14,0
4-Apr-14,15.62
5-Apr-14,8.037
6-Apr-14,0
7-Apr-14,0
8-Apr-14,0
9-Apr-14,0
10-Apr-14,5.274
11-Apr-14,4.111
12-Apr-14,2.883
13-Apr-14,0
14-Apr-14,1.427
15-Apr-14,0.858
16-Apr-14,0
17-Apr-14,6.991
18-Apr-14,0
19-Apr-14,0
20-Apr-14,2.125
21-Apr-14,8.396
22-Apr-14,12.776
23-Apr-14,0
24-Apr-14,0
25-Apr-14,0
26-Apr-14,4.287
27-Apr-14,0
28-Apr-14,15.131
29-Apr-14,5.551
30-Apr-14,6.531
1-May-14,1.158
2-May-14,7.942
3-May-14,2.471
4-May-14,0
5-May-14,0.404
6-May-14,4.637
7-May-14,9.274
8-May-14,0
9-May-14,5.34
10-May-14,0
11-May-14,0
12-May-14,3.472
13-May-14,0
14-May-14,2.85
15-May-14,2.267
16-May-14,6.189
17-May-14,9.284
18-May-14,6.189
19-May-14,6.189
20-May-14,3.095
21-May-14,0
22-May-14,5.124
23-May-14,7.857
24-May-14,15.23
25-May-14,0
26-May-14,3.168
27-May-14,4.469
28-May-14,3.168
29-May-14,0
30-May-14,0.153
31-May-14,0
1-Jun-14,7.746
2-Jun-14,7.746
3-Jun-14,3.873
4-Jun-14,5.309
5-Jun-14,3.348
6-Jun-14,0
7-Jun-14,0
8-Jun-14,0.707
9-Jun-14,8.173
10-Jun-14,8.173
11-Jun-14,11.828
12-Jun-14,0
13-Jun-14,5.508
14-Jun-14,0
15-Jun-14,5.558
16-Jun-14,2.323
17-Jun-14,9.435
18-Jun-14,6.398
19-Jun-14,6.262
20-Jun-14,9.679
21-Jun-14,9.96
22-Jun-14,9.96
23-Jun-14,2.458
24-Jun-14,8.149
25-Jun-14,9.96
26-Jun-14,0
27-Jun-14,0.736
28-Jun-14,18.687
29-Jun-14,12.816
30-Jun-14,12.167
1-Jul-14,6.002
2-Jul-14,2.701
3-Jul-14,5.401
4-Jul-14,9.594
5-Jul-14,5.042
6-Jul-14,11.322
7-Jul-14,0
8-Jul-14,5.314
9-Jul-14,0
10-Jul-14,0
11-Jul-14,3.712
12-Jul-14,11.244
13-Jul-14,13.721
14-Jul-14,8.337
15-Jul-14,0
16-Jul-14,10.655
17-Jul-14,7.227
18-Jul-14,10.655
19-Jul-14,9.031
20-Jul-14,1.606
21-Jul-14,27.368
22-Jul-14,27.073
23-Jul-14,0
24-Jul-14,8.265
25-Jul-14,0
26-Jul-14,9.788
27-Jul-14,4.214
28-Jul-14,14.57
29-Jul-14,4.315
30-Jul-14,11.732
31-Jul-14,4.459
1-Aug-14,2.965
2-Aug-14,0
3-Aug-14,3.276
4-Aug-14,9.193
5-Aug-14,9.922
6-Aug-14,7.901
7-Aug-14,1.848
8-Aug-14,0
9-Aug-14,0
10-Aug-14,0
11-Aug-14,0
12-Aug-14,0
13-Aug-14,0
14-Aug-14,0
15-Aug-14,9.465
16-Aug-14,4.402
17-Aug-14,5.708
18-Aug-14,5.447
19-Aug-14,6.447
20-Aug-14,0
21-Aug-14,5.989
22-Aug-14,6.505
23-Aug-14,5.578
24-Aug-14,8.846
25-Aug-14,7.136
26-Aug-14,13.925
27-Aug-14,0
28-Aug-14,12.4
29-Aug-14,19.198
30-Aug-14,6.962
31-Aug-14,7.314
1-Sep-14,9.04
2-Sep-14,0.269
3-Sep-14,0
4-Sep-14,7.807
5-Sep-14,8.941
6-Sep-14,18.508
7-Sep-14,0
8-Sep-14,0
9-Sep-14,27.87
10-Sep-14,17.561
11-Sep-14,12.866
12-Sep-14,11.503
13-Sep-14,17.254
14-Sep-14,11.503
15-Sep-14,7.115
16-Sep-14,8.453
17-Sep-14,7.469
18-Sep-14,0
19-Sep-14,4.866
20-Sep-14,2.101
21-Sep-14,0
22-Sep-14,0.212
23-Sep-14,0
24-Sep-14,4.092
25-Sep-14,11.776
26-Sep-14,0
27-Sep-14,10.578
28-Sep-14,15.619
29-Sep-14,13.902
30-Sep-14,12.958
1-Oct-14,4.564
2-Oct-14,11.167
3-Oct-14,0
4-Oct-14,8.631
5-Oct-14,15.226
6-Oct-14,14.328
7-Oct-14,0
8-Oct-14,3.724
9-Oct-14,0
10-Oct-14,0
11-Oct-14,0
12-Oct-14,0
13-Oct-14,8.009
14-Oct-14,3.197
15-Oct-14,0
16-Oct-14,0.412
17-Oct-14,0
18-Oct-14,17.129
19-Oct-14,18.815
20-Oct-14,19.85
21-Oct-14,6.251
22-Oct-14,16.185
23-Oct-14,9.37
24-Oct-14,14.819
25-Oct-14,60.178
26-Oct-14,0
27-Oct-14,1.756
28-Oct-14,1.144
29-Oct-14,9.219
30-Oct-14,22.685
31-Oct-14,29.259
1-Nov-14,15.244
2-Nov-14,13.992
3-Nov-14,15.973
4-Nov-14,0
5-Nov-14,0
6-Nov-14,9.194
7-Nov-14,12.68
8-Nov-14,11.233
9-Nov-14,0
10-Nov-14,0
11-Nov-14,0
12-Nov-14,0
13-Nov-14,0
14-Nov-14,0
15-Nov-14,0
16-Nov-14,0
17-Nov-14,0
18-Nov-14,0
19-Nov-14,7.438
20-Nov-14,0
21-Nov-14,0
22-Nov-14,0
23-Nov-14,0
24-Nov-14,1.527
25-Nov-14,8.781
26-Nov-14,16.597
27-Nov-14,0
28-Nov-14,0
29-Nov-14,15.485
30-Nov-14,5.48
1-Dec-14,0
2-Dec-14,0
3-Dec-14,3.935
4-Dec-14,18.085
5-Dec-14,17.696
6-Dec-14,9.418
7-Dec-14,0
8-Dec-14,0
9-Dec-14,0
10-Dec-14,0
11-Dec-14,0
12-Dec-14,0
13-Dec-14,0
14-Dec-14,0
15-Dec-14,0
16-Dec-14,3.096
17-Dec-14,0
18-Dec-14,1.247
19-Dec-14,0.295
20-Dec-14,0
21-Dec-14,0
22-Dec-14,0
23-Dec-14,0
24-Dec-14,0
25-Dec-14,0
26-Dec-14,0
27-Dec-14,0
28-Dec-14,0
29-Dec-14,0
30-Dec-14,0
31-Dec-14,0
1-Jan-15,0
2-Jan-15,0
3-Jan-15,0
4-Jan-15,3.16
5-Jan-15,0.201
6-Jan-15,0.288
7-Jan-15,0
8-Jan-15,0
9-Jan-15,0
10-Jan-15,0
11-Jan-15,0
12-Jan-15,0
13-Jan-15,0
14-Jan-15,0
15-Jan-15,0
16-Jan-15,0
17-Jan-15,0
18-Jan-15,0
19-Jan-15,0
20-Jan-15,0
21-Jan-15,0
22-Jan-15,0
23-Jan-15,0
24-Jan-15,0
25-Jan-15,0
26-Jan-15,0
27-Jan-15,0
28-Jan-15,0.129
29-Jan-15,0
30-Jan-15,0
31-Jan-15,0
1-Feb-15,0
2-Feb-15,0
3-Feb-15,0
4-Feb-15,0
5-Feb-15,0
6-Feb-15,0
7-Feb-15,0
8-Feb-15,0
9-Feb-15,0
10-Feb-15,0.375
11-Feb-15,3.105
12-Feb-15,0
13-Feb-15,0
14-Feb-15,0
15-Feb-15,0
16-Feb-15,0
17-Feb-15,0
18-Feb-15,0
19-Feb-15,0.266
20-Feb-15,0
21-Feb-15,0
22-Feb-15,0
23-Feb-15,0
24-Feb-15,0
25-Feb-15,0
26-Feb-15,0
27-Feb-15,0
28-Feb-15,2.445
1-Mar-15,0
2-Mar-15,0
3-Mar-15,0
4-Mar-15,0
5-Mar-15,0
6-Mar-15,0
7-Mar-15,0
8-Mar-15,0
9-Mar-15,0
10-Mar-15,0
11-Mar-15,0
12-Mar-15,0
13-Mar-15,0
14-Mar-15,0
15-Mar-15,0
16-Mar-15,0
17-Mar-15,0
18-Mar-15,0
19-Mar-15,0
20-Mar-15,0
21-Mar-15,0
22-Mar-15,0
23-Mar-15,0
24-Mar-15,0
25-Mar-15,0
26-Mar-15,0
27-Mar-15,4.753
28-Mar-15,0
29-Mar-15,0
30-Mar-15,0
31-Mar-15,6.256
1-Apr-15,0
2-Apr-15,4.474
3-Apr-15,4.474
4-Apr-15,0
5-Apr-15,0
6-Apr-15,6.392
7-Apr-15,0
8-Apr-15,0
9-Apr-15,0
10-Apr-15,0
11-Apr-15,13.08
12-Apr-15,10.23
13-Apr-15,0
14-Apr-15,0
15-Apr-15,0
16-Apr-15,0
17-Apr-15,0
18-Apr-15,0
19-Apr-15,0
20-Apr-15,0
21-Apr-15,7.767
22-Apr-15,9.265
23-Apr-15,7.127
24-Apr-15,0
25-Apr-15,0
26-Apr-15,0
27-Apr-15,8.526
28-Apr-15,2.176
29-Apr-15,0
30-Apr-15,4.357
1-May-15,0
2-May-15,8.899
3-May-15,3.299
4-May-15,3.624
5-May-15,0
6-May-15,0
7-May-15,10.034
8-May-15,4.126
9-May-15,0
10-May-15,0
11-May-15,0.541
12-May-15,14.078
13-May-15,0
14-May-15,0
15-May-15,0
16-May-15,0
17-May-15,0
18-May-15,0
19-May-15,0
20-May-15,10.772
21-May-15,2.073
22-May-15,10.644
23-May-15,0.8
24-May-15,7.231
25-May-15,6.592
26-May-15,0
27-May-15,5.693
28-May-15,0
29-May-15,12.46
30-May-15,23.264
31-May-15,6.632
1-Jun-15,5.277
2-Jun-15,5.695
3-Jun-15,0
4-Jun-15,0
5-Jun-15,0
6-Jun-15,11.226
7-Jun-15,1.05
8-Jun-15,3.909
9-Jun-15,0
10-Jun-15,0
11-Jun-15,2.798
12-Jun-15,5.267
13-Jun-15,6.568
14-Jun-15,0
15-Jun-15,2.309
16-Jun-15,4.977
17-Jun-15,18.251
18-Jun-15,0
19-Jun-15,10.108
20-Jun-15,15.326
21-Jun-15,9.564
22-Jun-15,17.683
23-Jun-15,4.091
24-Jun-15,0
25-Jun-15,0
26-Jun-15,0
27-Jun-15,4.387
28-Jun-15,3.604
29-Jun-15,2.267
30-Jun-15,5.447
1-Jul-15,5.753
2-Jul-15,4.483
3-Jul-15,4.263
4-Jul-15,0
5-Jul-15,0.193
6-Jul-15,7.151
7-Jul-15,10.056
8-Jul-15,16.75
9-Jul-15,18.652
10-Jul-15,3.788
11-Jul-15,7.833
12-Jul-15,11.75
13-Jul-15,3.917
14-Jul-15,0.94
15-Jul-15,10.508
16-Jul-15,0
17-Jul-15,3.213
18-Jul-15,7.392
19-Jul-15,7.371
20-Jul-15,6.427
21-Jul-15,0.402
22-Jul-15,0
23-Jul-15,3.409
24-Jul-15,0
25-Jul-15,21.222
26-Jul-15,6.808
27-Jul-15,5.424
28-Jul-15,3.656
29-Jul-15,3.747
30-Jul-15,4.918
31-Jul-15,3.874
1-Aug-15,14.344
2-Aug-15,2.621
3-Aug-15,2.793
4-Aug-15,7.403
5-Aug-15,9.799
6-Aug-15,0
7-Aug-15,10.189
8-Aug-15,5.492
9-Aug-15,3.904
10-Aug-15,7.503
11-Aug-15,12.189
12-Aug-15,1.683
13-Aug-15,11.211
14-Aug-15,5.03
15-Aug-15,4.721
16-Aug-15,0.466
17-Aug-15,9.233
18-Aug-15,2.695
19-Aug-15,2.695
20-Aug-15,2.479
21-Aug-15,7.792
22-Aug-15,4.112
23-Aug-15,6.946
24-Aug-15,4.146
25-Aug-15,7.735
26-Aug-15,0
27-Aug-15,1.264
28-Aug-15,10.77
29-Aug-15,0.329
30-Aug-15,10.889
31-Aug-15,0.944
1-Sep-15,13.948
2-Sep-15,7.085
3-Sep-15,0
4-Sep-15,0
5-Sep-15,0
6-Sep-15,0
7-Sep-15,2.934
8-Sep-15,18.514
9-Sep-15,17.661
10-Sep-15,0
11-Sep-15,5.802
12-Sep-15,17.405
13-Sep-15,4.72
14-Sep-15,10.903
15-Sep-15,13.075
16-Sep-15,2.431
17-Sep-15,21.684
18-Sep-15,0
19-Sep-15,1.089
20-Sep-15,0
21-Sep-15,11.295
22-Sep-15,15.216
23-Sep-15,0.255
24-Sep-15,0
25-Sep-15,0.817
26-Sep-15,5.12
27-Sep-15,13.096
28-Sep-15,5.02
29-Sep-15,5.985
30-Sep-15,0
1-Oct-15,13.905
2-Oct-15,24.086
3-Oct-15,7.557
4-Oct-15,9.217
5-Oct-15,3.263
6-Oct-15,0
7-Oct-15,11.834
8-Oct-15,15.021
9-Oct-15,6.891
10-Oct-15,0
11-Oct-15,5.578
12-Oct-15,13.358
13-Oct-15,5.869
14-Oct-15,13.491
15-Oct-15,12.85
16-Oct-15,0
17-Oct-15,0
18-Oct-15,0
19-Oct-15,14.166
20-Oct-15,6.41
21-Oct-15,0.336
22-Oct-15,0
23-Oct-15,8.87
24-Oct-15,0
25-Oct-15,3.059
26-Oct-15,27.084
27-Oct-15,14.143
28-Oct-15,0
29-Oct-15,0
30-Oct-15,0
31-Oct-15,12.88
1-Nov-15,19.113
2-Nov-15,19.113
3-Nov-15,13.666
4-Nov-15,15.385
5-Nov-15,19.113
6-Nov-15,36.557
7-Nov-15,12.537
8-Nov-15,27.15
9-Nov-15,3.453
10-Nov-15,0
11-Nov-15,0
12-Nov-15,16.211
13-Nov-15,0
14-Nov-15,0
15-Nov-15,0
16-Nov-15,0
17-Nov-15,0
18-Nov-15,2.111
19-Nov-15,0
20-Nov-15,0
21-Nov-15,0
22-Nov-15,11.78
23-Nov-15,0
24-Nov-15,14.803
25-Nov-15,0
26-Nov-15,0
27-Nov-15,0
28-Nov-15,2.769
29-Nov-15,0
30-Nov-15,9.791
1-Dec-15,20.996
2-Dec-15,0
3-Dec-15,10.046
4-Dec-15,0
5-Dec-15,0
6-Dec-15,0
7-Dec-15,0
8-Dec-15,0
9-Dec-15,0
10-Dec-15,0
11-Dec-15,0
12-Dec-15,0
13-Dec-15,0
14-Dec-15,0
15-Dec-15,0
16-Dec-15,0
17-Dec-15,0
18-Dec-15,4.17
19-Dec-15,15.758
20-Dec-15,0.83
21-Dec-15,0.994
22-Dec-15,12.377
23-Dec-15,0
24-Dec-15,0
25-Dec-15,0
26-Dec-15,0
27-Dec-15,0
28-Dec-15,0
29-Dec-15,0
30-Dec-15,0
31-Dec-15,0
1-Jan-16,0
2-Jan-16,0
3-Jan-16,0
4-Jan-16,0.131
5-Jan-16,0
6-Jan-16,0
7-Jan-16,0
8-Jan-16,0
9-Jan-16,0
10-Jan-16,0
11-Jan-16,0
12-Jan-16,0
13-Jan-16,0
14-Jan-16,0
15-Jan-16,0
16-Jan-16,0
17-Jan-16,0
18-Jan-16,4.68
19-Jan-16,0
20-Jan-16,0
21-Jan-16,0
22-Jan-16,0
23-Jan-16,0
24-Jan-16,0
25-Jan-16,0
26-Jan-16,0
27-Jan-16,0
28-Jan-16,0
29-Jan-16,0
30-Jan-16,0
31-Jan-16,0
1-Feb-16,0
2-Feb-16,0
3-Feb-16,0
4-Feb-16,0
5-Feb-16,0.983
6-Feb-16,0
7-Feb-16,0
8-Feb-16,0
9-Feb-16,0
10-Feb-16,0
11-Feb-16,0
12-Feb-16,0
13-Feb-16,0
14-Feb-16,0
15-Feb-16,0
16-Feb-16,2.106
17-Feb-16,0
18-Feb-16,0
19-Feb-16,0
20-Feb-16,0
21-Feb-16,0
22-Feb-16,0
23-Feb-16,0
24-Feb-16,0
25-Feb-16,3.938
26-Feb-16,0
27-Feb-16,0
28-Feb-16,0
29-Feb-16,0
1-Mar-16,0
2-Mar-16,0
3-Mar-16,4.136
4-Mar-16,0
5-Mar-16,0
6-Mar-16,0
7-Mar-16,0
8-Mar-16,0
9-Mar-16,0
10-Mar-16,3.126
11-Mar-16,0
12-Mar-16,0
13-Mar-16,0
14-Mar-16,0
15-Mar-16,0
16-Mar-16,0
17-Mar-16,0
18-Mar-16,0
19-Mar-16,0
20-Mar-16,0
21-Mar-16,0
22-Mar-16,0
23-Mar-16,0
24-Mar-16,0
25-Mar-16,0.498
26-Mar-16,0
27-Mar-16,0.27
28-Mar-16,0
29-Mar-16,0
30-Mar-16,0
31-Mar-16,0
1-Apr-16,0
2-Apr-16,0
3-Apr-16,0.387
4-Apr-16,4.765
5-Apr-16,0.912
6-Apr-16,6.741
7-Apr-16,0
8-Apr-16,0
9-Apr-16,0
10-Apr-16,0
11-Apr-16,0
12-Apr-16,0
13-Apr-16,0
14-Apr-16,0
15-Apr-16,0
16-Apr-16,0
17-Apr-16,0
18-Apr-16,0
19-Apr-16,0
20-Apr-16,0
21-Apr-16,0
22-Apr-16,0
23-Apr-16,0
24-Apr-16,0
25-Apr-16,0
26-Apr-16,0
27-Apr-16,0
28-Apr-16,0
29-Apr-16,0
30-Apr-16,15.213
1-May-16,0.817
2-May-16,0
3-May-16,0
4-May-16,0
5-May-16,5.22
6-May-16,7.94
7-May-16,0
8-May-16,0
9-May-16,0
10-May-16,0
11-May-16,4.608
12-May-16,8.811
13-May-16,0
14-May-16,5.155
15-May-16,7.746
16-May-16,3.585
17-May-16,7.055
18-May-16,5.312
19-May-16,0
20-May-16,5.517
21-May-16,1.426
22-May-16,19.427
23-May-16,3.206
24-May-16,12.869
25-May-16,2.343
26-May-16,10.368
27-May-16,11.177
28-May-16,13.157
29-May-16,1.487
30-May-16,10.135
31-May-16,4.077
1-Jun-16,2.201
2-Jun-16,0.725
3-Jun-16,5.293
4-Jun-16,7.405
5-Jun-16,8.05
6-Jun-16,7.862
7-Jun-16,12.476
8-Jun-16,17.291
9-Jun-16,0.528
10-Jun-16,0
11-Jun-16,4.732
12-Jun-16,14.03
13-Jun-16,4.641
14-Jun-16,12.917
15-Jun-16,8.787
16-Jun-16,18.378
17-Jun-16,2.814
18-Jun-16,5.57
19-Jun-16,19.042
20-Jun-16,13.047
21-Jun-16,1.383
22-Jun-16,11.657
23-Jun-16,8.945
24-Jun-16,0
25-Jun-16,6.851
26-Jun-16,20.094
27-Jun-16,10.208
28-Jun-16,0
29-Jun-16,0
30-Jun-16,1.943
1-Jul-16,3.163
2-Jul-16,0
3-Jul-16,0
4-Jul-16,10.368
5-Jul-16,7.345
6-Jul-16,14.752
7-Jul-16,1.518
8-Jul-16,4.589
9-Jul-16,8.032
10-Jul-16,0
11-Jul-16,13.971
12-Jul-16,0.838
13-Jul-16,9.439
14-Jul-16,6.749
15-Jul-16,3.54
16-Jul-16,6.57
17-Jul-16,9.336
18-Jul-16,14.723
19-Jul-16,2.315
20-Jul-16,13.617
21-Jul-16,7.182
22-Jul-16,8.534
23-Jul-16,9.056
24-Jul-16,7.77
25-Jul-16,0
26-Jul-16,10.286
27-Jul-16,12.596
28-Jul-16,15.359
29-Jul-16,0
30-Jul-16,8.34
31-Jul-16,2.539
1-Aug-16,0
2-Aug-16,10.535
3-Aug-16,13.433
4-Aug-16,3.868
5-Aug-16,12.114
6-Aug-16,6.449
7-Aug-16,0
8-Aug-16,0
9-Aug-16,12.462
10-Aug-16,23.592
11-Aug-16,0
12-Aug-16,4.709
13-Aug-16,6.854
14-Aug-16,0
15-Aug-16,5.726
16-Aug-16,7.174
17-Aug-16,5.051
18-Aug-16,3.383
19-Aug-16,3.865
20-Aug-16,1.518
21-Aug-16,1.872
22-Aug-16,5.422
23-Aug-16,8.26
24-Aug-16,5.884
25-Aug-16,0.971
26-Aug-16,3.665
27-Aug-16,10.427
28-Aug-16,4.386
29-Aug-16,4.307
30-Aug-16,0
31-Aug-16,8.477
1-Sep-16,0
2-Sep-16,1.632
3-Sep-16,0.561
4-Sep-16,6.768
5-Sep-16,8.888
6-Sep-16,2.211
7-Sep-16,12.83
8-Sep-16,0.533
9-Sep-16,2.72
10-Sep-16,9.785
11-Sep-16,19.339
12-Sep-16,11.683
13-Sep-16,0
14-Sep-16,11.757
15-Sep-16,11.985
16-Sep-16,13.589
17-Sep-16,19.398
18-Sep-16,15.585
19-Sep-16,19.413
20-Sep-16,25.355
21-Sep-16,15.652
22-Sep-16,11.767
23-Sep-16,1.568
24-Sep-16,3.993
25-Sep-16,2.269
26-Sep-16,9.624
27-Sep-16,20.486
28-Sep-16,11.199
29-Sep-16,7.414
30-Sep-16,1.916
1-Oct-16,4.961
2-Oct-16,10.373
3-Oct-16,17.807
4-Oct-16,6.797
5-Oct-16,18.412
6-Oct-16,24.943
7-Oct-16,16.366
8-Oct-16,15.007
9-Oct-16,21.856
10-Oct-16,34.266
11-Oct-16,35.446
12-Oct-16,33.768
13-Oct-16,17.49
14-Oct-16,21.268
15-Oct-16,18.178
16-Oct-16,30.005
17-Oct-16,12.847
18-Oct-16,21.831
19-Oct-16,12.043
20-Oct-16,0
21-Oct-16,4.625
22-Oct-16,9.857
23-Oct-16,16.673
24-Oct-16,15.398
25-Oct-16,26.472
26-Oct-16,28.291
27-Oct-16,23.818
28-Oct-16,35.728
29-Oct-16,33.618
30-Oct-16,19.982
31-Oct-16,24.201
1-Nov-16,9.67
2-Nov-16,10.746
3-Nov-16,0
4-Nov-16,19.227
5-Nov-16,18.354
6-Nov-16,21.333
7-Nov-16,0
8-Nov-16,0
9-Nov-16,21.16
10-Nov-16,0
11-Nov-16,0
12-Nov-16,11.42
13-Nov-16,0
14-Nov-16,0
15-Nov-16,0
16-Nov-16,0
17-Nov-16,7.654
18-Nov-16,17.844
19-Nov-16,0
20-Nov-16,29.44
21-Nov-16,11.469
22-Nov-16,41.908
23-Nov-16,16.023
24-Nov-16,0
25-Nov-16,0
26-Nov-16,0
27-Nov-16,4.55
28-Nov-16,0
29-Nov-16,0
30-Nov-16,5.75
1-Dec-16,7.613
2-Dec-16,16.037
3-Dec-16,0.67
4-Dec-16,0
5-Dec-16,3.274
6-Dec-16,0
7-Dec-16,4.418
8-Dec-16,0
9-Dec-16,2.456
10-Dec-16,0.656
11-Dec-16,0
12-Dec-16,11.306
13-Dec-16,5.542
14-Dec-16,3.216
15-Dec-16,3.492
16-Dec-16,10.959
17-Dec-16,0
18-Dec-16,2.636
19-Dec-16,0
20-Dec-16,0.984
21-Dec-16,0
22-Dec-16,0
23-Dec-16,0
24-Dec-16,0
25-Dec-16,0
26-Dec-16,0
27-Dec-16,0
28-Dec-16,0
29-Dec-16,0
30-Dec-16,0
31-Dec-16,0
1-Jan-17,0
2-Jan-17,0
3-Jan-17,0
4-Jan-17,0
5-Jan-17,0
6-Jan-17,0
7-Jan-17,0
8-Jan-17,0
9-Jan-17,0
10-Jan-17,0
11-Jan-17,0
12-Jan-17,0
13-Jan-17,0
14-Jan-17,2.466
15-Jan-17,0
16-Jan-17,1.678
17-Jan-17,0
18-Jan-17,0
19-Jan-17,0
20-Jan-17,0.13
21-Jan-17,0.38
22-Jan-17,0
23-Jan-17,0
24-Jan-17,0
25-Jan-17,1.475
26-Jan-17,1.138
27-Jan-17,0
28-Jan-17,0
29-Jan-17,0
30-Jan-17,0
31-Jan-17,0
1-Feb-17,0
2-Feb-17,6.779
3-Feb-17,0
4-Feb-17,0
5-Feb-17,0
6-Feb-17,0
7-Feb-17,0
8-Feb-17,0
9-Feb-17,0
10-Feb-17,0
11-Feb-17,0
12-Feb-17,0
13-Feb-17,0
14-Feb-17,0
15-Feb-17,0
16-Feb-17,0
17-Feb-17,0
18-Feb-17,0
19-Feb-17,0
20-Feb-17,0
21-Feb-17,0
22-Feb-17,0
23-Feb-17,0
24-Feb-17,14.263
25-Feb-17,0
26-Feb-17,0.178
27-Feb-17,0
28-Feb-17,0
1-Mar-17,0
2-Mar-17,0
3-Mar-17,0
4-Mar-17,0
5-Mar-17,0
6-Mar-17,0
7-Mar-17,0
8-Mar-17,0
9-Mar-17,0
10-Mar-17,0
11-Mar-17,0
12-Mar-17,0
13-Mar-17,0
14-Mar-17,0
15-Mar-17,0
16-Mar-17,0
17-Mar-17,0.671
18-Mar-17,0
19-Mar-17,0
20-Mar-17,0
21-Mar-17,4.533
22-Mar-17,0
23-Mar-17,0
24-Mar-17,0
25-Mar-17,8.752
26-Mar-17,0
27-Mar-17,0
28-Mar-17,0
29-Mar-17,13.037
30-Mar-17,1.013
31-Mar-17,0
1-Apr-17,14.438
2-Apr-17,6.204
3-Apr-17,2.207
4-Apr-17,0
5-Apr-17,17.511
6-Apr-17,2.072
7-Apr-17,9.733
8-Apr-17,4.715
9-Apr-17,0
10-Apr-17,0
11-Apr-17,0
12-Apr-17,0
13-Apr-17,3.703
14-Apr-17,0
15-Apr-17,0
16-Apr-17,0
17-Apr-17,0
18-Apr-17,0
19-Apr-17,0
20-Apr-17,0
21-Apr-17,0
22-Apr-17,0
23-Apr-17,0
24-Apr-17,0
25-Apr-17,9.678
26-Apr-17,0
27-Apr-17,6.604
28-Apr-17,24.904
29-Apr-17,6.909
30-Apr-17,0
1-May-17,0
2-May-17,0.162
3-May-17,2.386
4-May-17,9.934
5-May-17,8.201
6-May-17,0
7-May-17,0
8-May-17,0.557
9-May-17,5.626
10-May-17,15.446
11-May-17,3.262
12-May-17,2.402
13-May-17,2.578
14-May-17,2.412
15-May-17,6.76
16-May-17,4.459
17-May-17,11.886
18-May-17,4.269
19-May-17,10.64
20-May-17,11.382
21-May-17,7.478
22-May-17,4.266
23-May-17,6.191
24-May-17,8.695
25-May-17,8.587
26-May-17,10.308
27-May-17,16.397
28-May-17,23.054
29-May-17,3.314
30-May-17,19.744
31-May-17,5.717
1-Jun-17,0
2-Jun-17,6.449
3-Jun-17,8.292
4-Jun-17,1.265
5-Jun-17,3.202
6-Jun-17,1.573
7-Jun-17,0.724
8-Jun-17,6.962
9-Jun-17,3.982
10-Jun-17,9.362
11-Jun-17,0.392
12-Jun-17,6.167
13-Jun-17,3.488
14-Jun-17,1.286
15-Jun-17,0
16-Jun-17,0
17-Jun-17,0
18-Jun-17,0
19-Jun-17,0
20-Jun-17,0
21-Jun-17,13.06
22-Jun-17,15.693
23-Jun-17,4.353
24-Jun-17,11.728
25-Jun-17,0
26-Jun-17,5.414
27-Jun-17,2.675
28-Jun-17,0.703
29-Jun-17,9.239
30-Jun-17,5.292
1-Jul-17,8.338
2-Jul-17,4.802
3-Jul-17,7.359
4-Jul-17,8.338
5-Jul-17,6.181
6-Jul-17,9.221
7-Jul-17,2.115
8-Jul-17,0
9-Jul-17,5.498
10-Jul-17,21.994
11-Jul-17,7.996
12-Jul-17,12.089
13-Jul-17,8.956
14-Jul-17,6.75
15-Jul-17,7.996
16-Jul-17,4.371
17-Jul-17,0
18-Jul-17,13.364
19-Jul-17,10.249
20-Jul-17,10.168
21-Jul-17,0
22-Jul-17,0
23-Jul-17,2.122
24-Jul-17,19.062
25-Jul-17,4.328
26-Jul-17,0.611
27-Jul-17,0
28-Jul-17,0
29-Jul-17,0
30-Jul-17,9.966
31-Jul-17,1.925
1-Aug-17,10.306
2-Aug-17,0.77
3-Aug-17,3.575
4-Aug-17,12.56
5-Aug-17,0
6-Aug-17,3.24
7-Aug-17,0
8-Aug-17,0
9-Aug-17,5.702
10-Aug-17,0
11-Aug-17,7.225
12-Aug-17,8.891
13-Aug-17,6.082
14-Aug-17,1.613
15-Aug-17,3.336
16-Aug-17,11.859
17-Aug-17,16.096
18-Aug-17,7.56
19-Aug-17,2.422
20-Aug-17,0
21-Aug-17,0
22-Aug-17,4.09
23-Aug-17,3.192
24-Aug-17,10.029
25-Aug-17,16.361
26-Aug-17,23.888
27-Aug-17,3.882
28-Aug-17,9.89
29-Aug-17,1.133
30-Aug-17,11.277
31-Aug-17,5.639
1-Sep-17,7.912
2-Sep-17,2.212
3-Sep-17,4.062
4-Sep-17,0
5-Sep-17,0
6-Sep-17,4.554
7-Sep-17,4.276
8-Sep-17,4.01
9-Sep-17,19.719
10-Sep-17,8.051
11-Sep-17,16.484
12-Sep-17,3.838
13-Sep-17,9.709
14-Sep-17,15.974
15-Sep-17,12.792
16-Sep-17,8.979
17-Sep-17,2.408
18-Sep-17,4.416
19-Sep-17,13.947
20-Sep-17,6.826
21-Sep-17,15.691
22-Sep-17,6.543
23-Sep-17,4.234
24-Sep-17,18.878
25-Sep-17,0
26-Sep-17,0.925
27-Sep-17,13.666
28-Sep-17,7.307
29-Sep-17,5.903
30-Sep-17,7.582
1-Oct-17,12.359
2-Oct-17,11.961
3-Oct-17,11.44
4-Oct-17,0
5-Oct-17,6.129
6-Oct-17,6.155
7-Oct-17,0.913
8-Oct-17,11.731
9-Oct-17,3.12
10-Oct-17,0
11-Oct-17,6.865
12-Oct-17,22.786
13-Oct-17,11.731
14-Oct-17,3.893
15-Oct-17,10.036
16-Oct-17,10.57
17-Oct-17,15.132
18-Oct-17,7.537
19-Oct-17,5.285
20-Oct-17,5.285
21-Oct-17,6.704
22-Oct-17,13.933
23-Oct-17,11.499
24-Oct-17,14.563
25-Oct-17,0
26-Oct-17,0
27-Oct-17,0
28-Oct-17,0.248
29-Oct-17,0
30-Oct-17,0
31-Oct-17,0
1-Nov-17,0.521
2-Nov-17,0
3-Nov-17,5.654
4-Nov-17,0.747
5-Nov-17,0.112
6-Nov-17,5.885
7-Nov-17,0
8-Nov-17,9.56
9-Nov-17,9.078
10-Nov-17,5.563
11-Nov-17,24.013
12-Nov-17,0
13-Nov-17,5.371
14-Nov-17,20.563
15-Nov-17,4.296
16-Nov-17,0.893
17-Nov-17,13.871
18-Nov-17,14.85
19-Nov-17,14.03
20-Nov-17,0
21-Nov-17,0
22-Nov-17,0
23-Nov-17,0.88
24-Nov-17,10.448
25-Nov-17,2.873
26-Nov-17,0
27-Nov-17,0
28-Nov-17,2.274
29-Nov-17,6.947
30-Nov-17,0
1-Dec-17,9.165
2-Dec-17,0
3-Dec-17,10.015
4-Dec-17,19.915
5-Dec-17,0
6-Dec-17,0
7-Dec-17,0
8-Dec-17,0
9-Dec-17,0
10-Dec-17,0
11-Dec-17,0
12-Dec-17,0
13-Dec-17,0
14-Dec-17,0
15-Dec-17,0
16-Dec-17,0
17-Dec-17,0
18-Dec-17,0
19-Dec-17,0
20-Dec-17,0
21-Dec-17,0
22-Dec-17,0
23-Dec-17,0
24-Dec-17,5.606
25-Dec-17,11.506
26-Dec-17,0
27-Dec-17,0
28-Dec-17,0
29-Dec-17,0
30-Dec-17,0
31-Dec-17,1.178
1-Jan-18,0
2-Jan-18,0
3-Jan-18,0
4-Jan-18,0
5-Jan-18,0
6-Jan-18,0
7-Jan-18,0
8-Jan-18,0
9-Jan-18,9.032
10-Jan-18,0
11-Jan-18,0
12-Jan-18,0
13-Jan-18,0
14-Jan-18,1.608
15-Jan-18,0
16-Jan-18,0
17-Jan-18,0
18-Jan-18,0
19-Jan-18,0
20-Jan-18,6.212
21-Jan-18,0
22-Jan-18,0
23-Jan-18,0
24-Jan-18,0
25-Jan-18,0
26-Jan-18,0
27-Jan-18,3.675
28-Jan-18,2.322
29-Jan-18,0
30-Jan-18,0
31-Jan-18,0
1-Feb-18,0
2-Feb-18,0
3-Feb-18,0
4-Feb-18,0
5-Feb-18,0
6-Feb-18,0
7-Feb-18,0
8-Feb-18,0
9-Feb-18,0
10-Feb-18,0
11-Feb-18,1.262
12-Feb-18,0
13-Feb-18,0
14-Feb-18,0
15-Feb-18,0
16-Feb-18,0
17-Feb-18,0
18-Feb-18,1.885
19-Feb-18,0
20-Feb-18,0
21-Feb-18,0
22-Feb-18,6.969
23-Feb-18,0.374
24-Feb-18,0
25-Feb-18,0
26-Feb-18,0
27-Feb-18,0
28-Feb-18,0.44
1-Mar-18,0
2-Mar-18,0
3-Mar-18,0
4-Mar-18,0
5-Mar-18,0
6-Mar-18,0
7-Mar-18,0
8-Mar-18,0
9-Mar-18,0
10-Mar-18,0
11-Mar-18,0
12-Mar-18,0
13-Mar-18,0
14-Mar-18,0
15-Mar-18,0
16-Mar-18,0
17-Mar-18,0
18-Mar-18,0
19-Mar-18,0
20-Mar-18,0
21-Mar-18,12.229
22-Mar-18,10.486
23-Mar-18,0
24-Mar-18,0
25-Mar-18,0
26-Mar-18,0
27-Mar-18,0
28-Mar-18,0
29-Mar-18,1.023
30-Mar-18,0
31-Mar-18,0
1-Apr-18,0
2-Apr-18,0
3-Apr-18,0
4-Apr-18,0
5-Apr-18,0
6-Apr-18,0
7-Apr-18,0
8-Apr-18,0
9-Apr-18,0
10-Apr-18,0
11-Apr-18,0
12-Apr-18,0
13-Apr-18,0
14-Apr-18,0
15-Apr-18,0
16-Apr-18,0
17-Apr-18,1.151
18-Apr-18,7.016
19-Apr-18,0
20-Apr-18,0
21-Apr-18,0
22-Apr-18,0
23-Apr-18,0
24-Apr-18,4.5
25-Apr-18,0.918
26-Apr-18,17.31
27-Apr-18,3.259
28-Apr-18,16.653
29-Apr-18,8.67
30-Apr-18,12.514
1-May-18,5.195
2-May-18,0
3-May-18,6.9
4-May-18,10.202
5-May-18,0
6-May-18,7.85
7-May-18,5.862
8-May-18,5.351
9-May-18,3.134
10-May-18,4.954
11-May-18,0
12-May-18,5.645
13-May-18,10.65
14-May-18,1.259
15-May-18,1.733
16-May-18,0
17-May-18,8.807
18-May-18,4.601
19-May-18,0
20-May-18,6.329
21-May-18,9.199
22-May-18,3.908
23-May-18,0
24-May-18,9.498
25-May-18,0
26-May-18,14.427
27-May-18,0
28-May-18,0
29-May-18,13.182
30-May-18,16.481
31-May-18,0.575
1-Jun-18,14.235
2-Jun-18,9.219
3-Jun-18,7.736
4-Jun-18,0
5-Jun-18,12.285
6-Jun-18,13.072
7-Jun-18,4.333
8-Jun-18,15.484
9-Jun-18,6.436
10-Jun-18,0
11-Jun-18,0.702
12-Jun-18,0
13-Jun-18,2.656
14-Jun-18,3.796
15-Jun-18,9.491
16-Jun-18,0.782
17-Jun-18,0
18-Jun-18,4.583
19-Jun-18,6.295
20-Jun-18,5.804
21-Jun-18,0
22-Jun-18,4.007
23-Jun-18,3.022
24-Jun-18,2.265
25-Jun-18,6.151
26-Jun-18,16.832
27-Jun-18,4.912
28-Jun-18,0
29-Jun-18,0.47
30-Jun-18,0
1-Jul-18,0
2-Jul-18,10.229
3-Jul-18,4.647
4-Jul-18,0
5-Jul-18,0
6-Jul-18,0
7-Jul-18,6.523
8-Jul-18,23.507
9-Jul-18,13.239
10-Jul-18,0
11-Jul-18,0.399
12-Jul-18,0
13-Jul-18,0.953
14-Jul-18,0
15-Jul-18,0
16-Jul-18,0.857
17-Jul-18,0
18-Jul-18,16.831
19-Jul-18,10.72
20-Jul-18,0
21-Jul-18,10.451
22-Jul-18,0.158
23-Jul-18,3.665
24-Jul-18,0.246
25-Jul-18,0
26-Jul-18,7.321
27-Jul-18,4.885
28-Jul-18,4.618
29-Jul-18,5.374
30-Jul-18,13.677
31-Jul-18,2.314
1-Aug-18,2.889
2-Aug-18,4.837
3-Aug-18,0
4-Aug-18,4.014
5-Aug-18,6.311
6-Aug-18,2.164
7-Aug-18,2.981
8-Aug-18,18.649
9-Aug-18,0
10-Aug-18,0
11-Aug-18,1.791
12-Aug-18,0
13-Aug-18,0.829
14-Aug-18,14.257
15-Aug-18,5.085
16-Aug-18,0.38
17-Aug-18,2.047
18-Aug-18,4.303
19-Aug-18,3.088
20-Aug-18,1.066
21-Aug-18,11.998
22-Aug-18,1.285
23-Aug-18,0.849
24-Aug-18,5.228
25-Aug-18,1.255
26-Aug-18,2.087
27-Aug-18,0.917
28-Aug-18,0
29-Aug-18,10.054
30-Aug-18,0
31-Aug-18,0
1-Sep-18,0
2-Sep-18,22.043
3-Sep-18,15.914
4-Sep-18,0
5-Sep-18,7.522
6-Sep-18,0
7-Sep-18,13.804
8-Sep-18,17.824
9-Sep-18,4.589
10-Sep-18,7.161
11-Sep-18,12.953
12-Sep-18,14.152
13-Sep-18,7.359
14-Sep-18,9.841
15-Sep-18,2.01
16-Sep-18,5.725
17-Sep-18,5.251
18-Sep-18,9.742
19-Sep-18,3.074
20-Sep-18,9.747
21-Sep-18,10.166
22-Sep-18,6.954
23-Sep-18,2.542
24-Sep-18,6.777
25-Sep-18,1.885
26-Sep-18,0.423
27-Sep-18,2.36
28-Sep-18,7.147
29-Sep-18,16.381
30-Sep-18,5.379
1-Oct-18,21.298
2-Oct-18,19.545
3-Oct-18,14.941
4-Oct-18,14.338
5-Oct-18,3.601
6-Oct-18,0
7-Oct-18,9.003
8-Oct-18,0.249
9-Oct-18,0.26
10-Oct-18,0
11-Oct-18,0
12-Oct-18,3.948
13-Oct-18,6.25
14-Oct-18,6.946
15-Oct-18,0.839
16-Oct-18,8.129
17-Oct-18,15.648
18-Oct-18,13.725
19-Oct-18,21.313
20-Oct-18,7.195
21-Oct-18,0
22-Oct-18,13.076
23-Oct-18,26.645
24-Oct-18,27.73
25-Oct-18,6.888
26-Oct-18,0
27-Oct-18,8.348
28-Oct-18,0
29-Oct-18,0
30-Oct-18,0
31-Oct-18,0
1-Nov-18,0
2-Nov-18,0
3-Nov-18,6.477
4-Nov-18,0
5-Nov-18,0
6-Nov-18,1.909
7-Nov-18,3.139
8-Nov-18,5.408
9-Nov-18,0.271
10-Nov-18,0
11-Nov-18,0
12-Nov-18,6.877
13-Nov-18,1.817
14-Nov-18,2.397
15-Nov-18,0
16-Nov-18,4.324
17-Nov-18,0.885
18-Nov-18,0.237
19-Nov-18,0
20-Nov-18,0
21-Nov-18,0
22-Nov-18,0
23-Nov-18,8.268
24-Nov-18,0
25-Nov-18,25.858
26-Nov-18,0
27-Nov-18,0.643
28-Nov-18,0
29-Nov-18,0
30-Nov-18,0
1-Dec-18,0
2-Dec-18,0
3-Dec-18,0
4-Dec-18,0
5-Dec-18,0
6-Dec-18,4.97
7-Dec-18,27.427
8-Dec-18,0
9-Dec-18,0
10-Dec-18,0
11-Dec-18,4.006
12-Dec-18,0
13-Dec-18,0
14-Dec-18,0
15-Dec-18,5.643
16-Dec-18,0
17-Dec-18,0
18-Dec-18,0
19-Dec-18,0
20-Dec-18,0
21-Dec-18,3.408
22-Dec-18,5.348
23-Dec-18,3.289
24-Dec-18,0.354
25-Dec-18,6.834
26-Dec-18,0
27-Dec-18,12.82
28-Dec-18,1.13
29-Dec-18,0
30-Dec-18,0
31-Dec-18,7.406
1-Jan-19,0.184
2-Jan-19,5.376
3-Jan-19,0
4-Jan-19,0.208
5-Jan-19,0
6-Jan-19,0
7-Jan-19,0
8-Jan-19,0
9-Jan-19,0
10-Jan-19,0
11-Jan-19,0
12-Jan-19,0
13-Jan-19,0
14-Jan-19,0
15-Jan-19,0
16-Jan-19,0
17-Jan-19,0
18-Jan-19,0
19-Jan-19,0
20-Jan-19,0
21-Jan-19,0
22-Jan-19,0
23-Jan-19,0
24-Jan-19,0
25-Jan-19,0
26-Jan-19,0
27-Jan-19,0
28-Jan-19,0
29-Jan-19,0
30-Jan-19,0
31-Jan-19,0
1-Feb-19,0
2-Feb-19,0
3-Feb-19,0
4-Feb-19,0
5-Feb-19,0
6-Feb-19,0
7-Feb-19,0
8-Feb-19,0
9-Feb-19,0
10-Feb-19,0
11-Feb-19,0
12-Feb-19,0.316
13-Feb-19,0
14-Feb-19,0
15-Feb-19,0
16-Feb-19,0
17-Feb-19,0
18-Feb-19,0
19-Feb-19,0.326
20-Feb-19,0
21-Feb-19,0
22-Feb-19,0.321
23-Feb-19,0
24-Feb-19,0
25-Feb-19,0
26-Feb-19,0
27-Feb-19,0
28-Feb-19,0
1-Mar-19,0
2-Mar-19,0
3-Mar-19,0
4-Mar-19,0
5-Mar-19,0
6-Mar-19,0
7-Mar-19,0
8-Mar-19,0
9-Mar-19,0
10-Mar-19,0
11-Mar-19,0
12-Mar-19,0
13-Mar-19,0
14-Mar-19,0
15-Mar-19,10.893
16-Mar-19,2.127
17-Mar-19,0
18-Mar-19,0
19-Mar-19,0
20-Mar-19,0
21-Mar-19,0
22-Mar-19,0.201
23-Mar-19,0
24-Mar-19,1.896
25-Mar-19,1.975
26-Mar-19,3.693
27-Mar-19,0
28-Mar-19,0
29-Mar-19,0
30-Mar-19,0
31-Mar-19,0
1-Apr-19,9.344
2-Apr-19,0
3-Apr-19,3.254
4-Apr-19,0
5-Apr-19,0
6-Apr-19,0
7-Apr-19,0
8-Apr-19,0
9-Apr-19,0
10-Apr-19,0.97
11-Apr-19,0
12-Apr-19,8.17
13-Apr-19,0
14-Apr-19,1.249
15-Apr-19,0
16-Apr-19,0.244
17-Apr-19,0
18-Apr-19,0
19-Apr-19,2.245
20-Apr-19,0.092
21-Apr-19,2.064
22-Apr-19,0
23-Apr-19,0.204
24-Apr-19,0.388
25-Apr-19,0.801
26-Apr-19,0
27-Apr-19,1.02
28-Apr-19,10.657
29-Apr-19,0
30-Apr-19,3.78
1-May-19,0
2-May-19,7.272
3-May-19,0
4-May-19,8.738
5-May-19,0
6-May-19,3.022
7-May-19,2.649
8-May-19,4.511
9-May-19,10.793
10-May-19,11.05
11-May-19,17.418
12-May-19,12.697
13-May-19,2.067
14-May-19,2.938
15-May-19,2.58
16-May-19,0
17-May-19,0
18-May-19,0.632
19-May-19,2.623
20-May-19,16.44
21-May-19,4.019
22-May-19,12.807
23-May-19,8.147
24-May-19,5.128
25-May-19,4.583
26-May-19,4.197
27-May-19,7.929
28-May-19,10.56
29-May-19,6.766
30-May-19,1.694
31-May-19,6.464
1-Jun-19,0
2-Jun-19,9.972
3-Jun-19,7.913
4-Jun-19,7.681
5-Jun-19,6.119
6-Jun-19,12.783
7-Jun-19,0.374
8-Jun-19,1.98
9-Jun-19,6.497
10-Jun-19,9.295
11-Jun-19,6.125
12-Jun-19,6.466
13-Jun-19,7.508
14-Jun-19,2.489
15-Jun-19,8.31
16-Jun-19,8.953
17-Jun-19,11.403
18-Jun-19,0
19-Jun-19,0.368
20-Jun-19,2.028
21-Jun-19,10.582
22-Jun-19,20.467
23-Jun-19,0
24-Jun-19,8.042
25-Jun-19,9.37
26-Jun-19,0
27-Jun-19,0
28-Jun-19,0
29-Jun-19,0
30-Jun-19,8.778
1-Jul-19,10.972
2-Jul-19,15.324
3-Jul-19,0.723
4-Jul-19,0
5-Jul-19,2.038
6-Jul-19,0
7-Jul-19,1.728
8-Jul-19,1.609
9-Jul-19,1.818
10-Jul-19,3.546
11-Jul-19,0
12-Jul-19,0
13-Jul-19,0
14-Jul-19,2.13
15-Jul-19,6.029
16-Jul-19,7.262
17-Jul-19,8.698
18-Jul-19,5.295
19-Jul-19,2.353
20-Jul-19,4.349
21-Jul-19,0
22-Jul-19,7.899
23-Jul-19,5.098
24-Jul-19,5.94
25-Jul-19,6.332
26-Jul-19,10.76
27-Jul-19,7.974
28-Jul-19,7.984
29-Jul-19,15.525
30-Jul-19,10.76
31-Jul-19,5.38
1-Aug-19,6.144
2-Aug-19,0
3-Aug-19,0
4-Aug-19,0
5-Aug-19,0
6-Aug-19,11.213
7-Aug-19,0.352
8-Aug-19,10.758
9-Aug-19,6.432
10-Aug-19,0
11-Aug-19,0
12-Aug-19,2.115
13-Aug-19,6.569
14-Aug-19,1.949
15-Aug-19,0.422
16-Aug-19,12.498
17-Aug-19,6.317
18-Aug-19,0
19-Aug-19,0
20-Aug-19,5.954
21-Aug-19,3.729
22-Aug-19,0.381
23-Aug-19,12.731
24-Aug-19,10.935
25-Aug-19,3.957
26-Aug-19,0
27-Aug-19,5.901
28-Aug-19,15.11
29-Aug-19,15.957
30-Aug-19,15.973
31-Aug-19,7.662
1-Sep-19,13.79
2-Sep-19,9.233
3-Sep-19,0
4-Sep-19,0
5-Sep-19,0
6-Sep-19,0
7-Sep-19,0
8-Sep-19,9.514
9-Sep-19,9.558
10-Sep-19,4.056
11-Sep-19,0
12-Sep-19,0
13-Sep-19,30.583
14-Sep-19,0
15-Sep-19,0
16-Sep-19,9.544
17-Sep-19,18.467
18-Sep-19,10.627
19-Sep-19,0
20-Sep-19,3.463
21-Sep-19,6.63
22-Sep-19,7.775
23-Sep-19,6.826
24-Sep-19,0
25-Sep-19,4.41
26-Sep-19,5.971
27-Sep-19,1.941
28-Sep-19,18.381
29-Sep-19,10.378
30-Sep-19,5.623
1-Oct-19,5.886
2-Oct-19,15.068
3-Oct-19,19.403
4-Oct-19,4.663
5-Oct-19,4.284
6-Oct-19,17.847
7-Oct-19,4.222
8-Oct-19,10.496
9-Oct-19,11.758
10-Oct-19,0
11-Oct-19,10.733
12-Oct-19,14.404
13-Oct-19,1.692
14-Oct-19,0
15-Oct-19,7.313
16-Oct-19,13.049
17-Oct-19,0
18-Oct-19,18.661
19-Oct-19,5.202
20-Oct-19,2.147
21-Oct-19,0
22-Oct-19,0
23-Oct-19,1.256
24-Oct-19,0
25-Oct-19,0
26-Oct-19,11.446
27-Oct-19,12.771
28-Oct-19,3.163
29-Oct-19,0
30-Oct-19,14.719
31-Oct-19,11.781
1-Nov-19,0
2-Nov-19,3.09
3-Nov-19,15.803
4-Nov-19,0.508
5-Nov-19,5.602
6-Nov-19,1.757
7-Nov-19,6.478
8-Nov-19,0
9-Nov-19,5.406
10-Nov-19,13.408
11-Nov-19,3.402
12-Nov-19,0.038
13-Nov-19,0.839
14-Nov-19,0.62
15-Nov-19,0.034
16-Nov-19,0
17-Nov-19,0
18-Nov-19,0
19-Nov-19,0
20-Nov-19,0
21-Nov-19,0
22-Nov-19,0
23-Nov-19,0
24-Nov-19,4.097
25-Nov-19,0
26-Nov-19,0
27-Nov-19,0
28-Nov-19,0
29-Nov-19,0
30-Nov-19,0
1-Dec-19,1.754
2-Dec-19,0
3-Dec-19,0
4-Dec-19,0
5-Dec-19,0
6-Dec-19,0
7-Dec-19,0
8-Dec-19,1.514
9-Dec-19,0
10-Dec-19,0
11-Dec-19,0
12-Dec-19,0
13-Dec-19,0
14-Dec-19,0
15-Dec-19,0
16-Dec-19,0
17-Dec-19,0
18-Dec-19,0
19-Dec-19,0
20-Dec-19,0
21-Dec-19,0
22-Dec-19,0
23-Dec-19,0
24-Dec-19,0
25-Dec-19,0
26-Dec-19,0
27-Dec-19,0
28-Dec-19,0
29-Dec-19,0
30-Dec-19,0
31-Dec-19,0
1-Jan-20,0
2-Jan-20,0.204
3-Jan-20,0
4-Jan-20,0
5-Jan-20,0
6-Jan-20,0
7-Jan-20,0
8-Jan-20,0
9-Jan-20,0
10-Jan-20,0
11-Jan-20,0.14
12-Jan-20,0
13-Jan-20,0
14-Jan-20,0
15-Jan-20,0
16-Jan-20,0
17-Jan-20,0
18-Jan-20,0
19-Jan-20,0
20-Jan-20,0
21-Jan-20,0
22-Jan-20,0
23-Jan-20,0
24-Jan-20,0
25-Jan-20,0
26-Jan-20,0
27-Jan-20,0
28-Jan-20,0
29-Jan-20,0
30-Jan-20,0
31-Jan-20,0
1-Feb-20,0
2-Feb-20,0
3-Feb-20,0
4-Feb-20,0
5-Feb-20,0
6-Feb-20,0
7-Feb-20,0
8-Feb-20,0
9-Feb-20,0
10-Feb-20,0
11-Feb-20,0
12-Feb-20,0
13-Feb-20,0
14-Feb-20,0
15-Feb-20,0
16-Feb-20,0
17-Feb-20,0.694
18-Feb-20,0
19-Feb-20,0
20-Feb-20,0
21-Feb-20,0.921
22-Feb-20,0
23-Feb-20,0
24-Feb-20,0
25-Feb-20,0
26-Feb-20,0
27-Feb-20,0
28-Feb-20,0
29-Feb-20,0
1-Mar-20,0
2-Mar-20,3.378
3-Mar-20,0
4-Mar-20,0
5-Mar-20,0
6-Mar-20,0
7-Mar-20,0
8-Mar-20,0
9-Mar-20,1.788
10-Mar-20,0
11-Mar-20,0.471
12-Mar-20,0
13-Mar-20,0
14-Mar-20,0
15-Mar-20,0
16-Mar-20,4.398
17-Mar-20,0
18-Mar-20,0
19-Mar-20,0
20-Mar-20,0.625
21-Mar-20,0
22-Mar-20,0
23-Mar-20,0
24-Mar-20,0
25-Mar-20,0
26-Mar-20,0
27-Mar-20,0
28-Mar-20,2.909
29-Mar-20,0
30-Mar-20,0
31-Mar-20,0
1-Apr-20,0
2-Apr-20,0
3-Apr-20,0
4-Apr-20,0
5-Apr-20,0
6-Apr-20,0
7-Apr-20,3.033
8-Apr-20,0
9-Apr-20,9.1
10-Apr-20,0.832
11-Apr-20,4.37
12-Apr-20,21.849
13-Apr-20,5.856
14-Apr-20,4.37
15-Apr-20,4.081
16-Apr-20,0
17-Apr-20,13.706
18-Apr-20,0
19-Apr-20,0
20-Apr-20,0
21-Apr-20,0
22-Apr-20,0
23-Apr-20,10.821
24-Apr-20,5.865
25-Apr-20,1.216
26-Apr-20,15.482
27-Apr-20,1.368
28-Apr-20,4.921
29-Apr-20,0
30-Apr-20,0
1-May-20,0
2-May-20,0
3-May-20,0
4-May-20,0
5-May-20,0
6-May-20,0
7-May-20,0
8-May-20,0
9-May-20,0
10-May-20,0
11-May-20,0.529
12-May-20,3.698
13-May-20,3.931
14-May-20,0
15-May-20,0.371
16-May-20,0
17-May-20,6.439
18-May-20,2.956
19-May-20,4.12
20-May-20,10.562
21-May-20,4.645
22-May-20,2.098
23-May-20,10.566
24-May-20,5.869
25-May-20,4.786
26-May-20,3.327
27-May-20,5.169
28-May-20,5.247
29-May-20,9.972
30-May-20,3.031
31-May-20,7.267
1-Jun-20,8.757
2-Jun-20,2.194
3-Jun-20,0.338
4-Jun-20,1.551
5-Jun-20,0.869
6-Jun-20,2.541
7-Jun-20,0
8-Jun-20,0
9-Jun-20,1.524
10-Jun-20,22.545
11-Jun-20,6.795
12-Jun-20,0.323
13-Jun-20,14.429
14-Jun-20,20.936
15-Jun-20,9.88
16-Jun-20,8.014
17-Jun-20,16.027
18-Jun-20,0
19-Jun-20,8.014
20-Jun-20,16.776
21-Jun-20,4.818
22-Jun-20,3.455
23-Jun-20,0
24-Jun-20,7.063
25-Jun-20,6.747
26-Jun-20,0
27-Jun-20,6.153
28-Jun-20,14.166
29-Jun-20,5.105
30-Jun-20,0.547
1-Jul-20,0
2-Jul-20,9.05
3-Jul-20,0.491
4-Jul-20,0.706
5-Jul-20,6.433
6-Jul-20,4.418
7-Jul-20,2.688
8-Jul-20,0
9-Jul-20,0
10-Jul-20,2.531
11-Jul-20,1.551
12-Jul-20,6.214
13-Jul-20,0
14-Jul-20,14.175
15-Jul-20,0
16-Jul-20,4.041
17-Jul-20,2.987
18-Jul-20,1.778
19-Jul-20,2.913
20-Jul-20,4.158
21-Jul-20,3.251
22-Jul-20,1.674
23-Jul-20,8.428
24-Jul-20,0.824
25-Jul-20,0
26-Jul-20,6.225
27-Jul-20,9.65
28-Jul-20,8.256
29-Jul-20,8.09
30-Jul-20,2.556
31-Jul-20,12.984
1-Aug-20,4.461
2-Aug-20,2.451
3-Aug-20,0
4-Aug-20,0
5-Aug-20,10.954
6-Aug-20,10.61
7-Aug-20,6.239
8-Aug-20,0
9-Aug-20,0
10-Aug-20,1.678
11-Aug-20,2.856
12-Aug-20,11.26
13-Aug-20,5.713
14-Aug-20,5.993
15-Aug-20,0
16-Aug-20,10.873
17-Aug-20,0.829
18-Aug-20,1.017
19-Aug-20,0.262
20-Aug-20,0.326
21-Aug-20,0.898
22-Aug-20,0
23-Aug-20,1.171
24-Aug-20,0
25-Aug-20,0
26-Aug-20,3.551
27-Aug-20,3.165
28-Aug-20,6.505
29-Aug-20,0.642
30-Aug-20,2.205
31-Aug-20,2.854
1-Sep-20,11.264
2-Sep-20,17.385
3-Sep-20,0
4-Sep-20,2.794
5-Sep-20,11.264
6-Sep-20,8.43
7-Sep-20,1.582
8-Sep-20,1.74
9-Sep-20,15.582
10-Sep-20,6.188
11-Sep-20,3.839
12-Sep-20,14.723
13-Sep-20,16.128
14-Sep-20,19.062
15-Sep-20,3.868
16-Sep-20,15.669
17-Sep-20,13.465
18-Sep-20,8.822
19-Sep-20,17.505
20-Sep-20,14.704
21-Sep-20,0
22-Sep-20,23.343
23-Sep-20,5.616
24-Sep-20,5.616
25-Sep-20,3.155
26-Sep-20,1.109
27-Sep-20,23.82
28-Sep-20,0
29-Sep-20,4.808
30-Sep-20,12.424
1-Oct-20,13.938
2-Oct-20,16.856
3-Oct-20,0
4-Oct-20,16.856
5-Oct-20,9.286
6-Oct-20,15.738
7-Oct-20,18.023
8-Oct-20,18.443
9-Oct-20,18.32
10-Oct-20,28.41
11-Oct-20,19.16
12-Oct-20,12.774
13-Oct-20,10.874
14-Oct-20,16.084
15-Oct-20,22.181
16-Oct-20,39.932
17-Oct-20,3.024
18-Oct-20,27.81
19-Oct-20,29.402
20-Oct-20,1.811
21-Oct-20,0
22-Oct-20,0
23-Oct-20,0
24-Oct-20,0
25-Oct-20,0
26-Oct-20,4.173
27-Oct-20,3.741
28-Oct-20,3.154
29-Oct-20,15.332
30-Oct-20,28.893
31-Oct-20,54.755
1-Nov-20,0
2-Nov-20,0
3-Nov-20,0
4-Nov-20,0
5-Nov-20,0
6-Nov-20,0
7-Nov-20,17.686
8-Nov-20,0
9-Nov-20,8.592
10-Nov-20,2.374
11-Nov-20,0
12-Nov-20,0
13-Nov-20,0
14-Nov-20,0
15-Nov-20,0
16-Nov-20,0
17-Nov-20,0
18-Nov-20,0
19-Nov-20,3.11
20-Nov-20,18.844
21-Nov-20,17.227
22-Nov-20,0
23-Nov-20,0
24-Nov-20,0
25-Nov-20,2.96
26-Nov-20,2.395
27-Nov-20,0
28-Nov-20,0
29-Nov-20,0
30-Nov-20,0
1-Dec-20,0
2-Dec-20,0
3-Dec-20,0
4-Dec-20,0
5-Dec-20,0
6-Dec-20,0
7-Dec-20,2.579
8-Dec-20,0.284
9-Dec-20,0
10-Dec-20,2.324
11-Dec-20,1.002
12-Dec-20,7.377
13-Dec-20,0
14-Dec-20,0.344
15-Dec-20,13.553
16-Dec-20,0
17-Dec-20,0
18-Dec-20,0
19-Dec-20,17.572
20-Dec-20,1.266
21-Dec-20,0
22-Dec-20,10.267
23-Dec-20,0
24-Dec-20,6.959
25-Dec-20,0
26-Dec-20,0
27-Dec-20,0
28-Dec-20,0
29-Dec-20,0
30-Dec-20,0
31-Dec-20,0
1-Jan-21,0
2-Jan-21,0
3-Jan-21,0
4-Jan-21,0
5-Jan-21,0.167
6-Jan-21,0.167
7-Jan-21,0
8-Jan-21,4.728
9-Jan-21,0
10-Jan-21,0
11-Jan-21,0
12-Jan-21,0
13-Jan-21,0
14-Jan-21,0
15-Jan-21,0
16-Jan-21,0
17-Jan-21,0
18-Jan-21,0
19-Jan-21,0.07
20-Jan-21,0
21-Jan-21,0
22-Jan-21,0
23-Jan-21,0
24-Jan-21,0
25-Jan-21,0
26-Jan-21,0
27-Jan-21,0
28-Jan-21,0
29-Jan-21,0
30-Jan-21,0
31-Jan-21,0
1-Feb-21,0
2-Feb-21,0
3-Feb-21,0
4-Feb-21,0
5-Feb-21,0
6-Feb-21,0
7-Feb-21,0
8-Feb-21,0
9-Feb-21,0
10-Feb-21,0
11-Feb-21,0
12-Feb-21,0
13-Feb-21,0
14-Feb-21,0
15-Feb-21,0
16-Feb-21,0
17-Feb-21,0
18-Feb-21,0
19-Feb-21,0
20-Feb-21,2.338
21-Feb-21,0
22-Feb-21,6.29
23-Feb-21,0
24-Feb-21,0
25-Feb-21,0
26-Feb-21,0
27-Feb-21,0
28-Feb-21,2.279
1-Mar-21,0
2-Mar-21,0.792
3-Mar-21,0
4-Mar-21,0
5-Mar-21,0
6-Mar-21,0
7-Mar-21,0
8-Mar-21,0
9-Mar-21,0
10-Mar-21,0
11-Mar-21,0
12-Mar-21,0
13-Mar-21,0
14-Mar-21,0
15-Mar-21,0
16-Mar-21,0
17-Mar-21,0
18-Mar-21,0
19-Mar-21,0
20-Mar-21,0
21-Mar-21,9.862
22-Mar-21,0.921
23-Mar-21,0
24-Mar-21,0
25-Mar-21,0
26-Mar-21,0
27-Mar-21,0.616
28-Mar-21,0
29-Mar-21,0
30-Mar-21,0
31-Mar-21,0
1-Apr-21,0
2-Apr-21,12.063
3-Apr-21,6.032
4-Apr-21,10.668
5-Apr-21,0
6-Apr-21,0
7-Apr-21,0
8-Apr-21,0
9-Apr-21,9.726
10-Apr-21,8.592
11-Apr-21,9.808
12-Apr-21,7.675
13-Apr-21,0
14-Apr-21,15.351
15-Apr-21,2.444
16-Apr-21,0.667
17-Apr-21,2.026
18-Apr-21,5.022
19-Apr-21,20.719
20-Apr-21,0
21-Apr-21,25.868
22-Apr-21,29.414
23-Apr-21,6.153
24-Apr-21,1.585
25-Apr-21,0
26-Apr-21,5.463
27-Apr-21,4.887
28-Apr-21,0
29-Apr-21,0
30-Apr-21,11.748
1-May-21,0
2-May-21,0
3-May-21,2.999
4-May-21,0
5-May-21,4.424
6-May-21,9.564
7-May-21,3.547
8-May-21,0.233
9-May-21,0.793
10-May-21,0
11-May-21,0
12-May-21,0
13-May-21,0
14-May-21,0
15-May-21,9.736
16-May-21,0
17-May-21,19.712
18-May-21,0
19-May-21,10.292
20-May-21,0
21-May-21,8.117
22-May-21,10.383
23-May-21,26.087
24-May-21,10.383
25-May-21,9.207
26-May-21,15.687
27-May-21,6.14
28-May-21,0
29-May-21,0.395
30-May-21,0
31-May-21,0
1-Jun-21,0.267
2-Jun-21,4.038
3-Jun-21,1.21
4-Jun-21,0.213
5-Jun-21,9.589
6-Jun-21,14.35
7-Jun-21,10.04
8-Jun-21,9.185
9-Jun-21,0
10-Jun-21,0.565
11-Jun-21,12.459
12-Jun-21,3.751
13-Jun-21,0
14-Jun-21,3.109
15-Jun-21,0.525
16-Jun-21,5.47
17-Jun-21,6.668
18-Jun-21,0
19-Jun-21,4.614
20-Jun-21,10.244
21-Jun-21,2.921
22-Jun-21,8.849
23-Jun-21,0.986
24-Jun-21,3.406
25-Jun-21,0
26-Jun-21,0
27-Jun-21,0
28-Jun-21,0
29-Jun-21,0
30-Jun-21,0
1-Jul-21,5.739
2-Jul-21,0.274
3-Jul-21,0.198
4-Jul-21,5.195
5-Jul-21,11.543
6-Jul-21,11.44
7-Jul-21,8.648
8-Jul-21,0.92
9-Jul-21,6.46
10-Jul-21,0
11-Jul-21,7.465
12-Jul-21,10.356
13-Jul-21,15.476
14-Jul-21,16.029
15-Jul-21,11.794
16-Jul-21,17.153
17-Jul-21,0
18-Jul-21,6.57
19-Jul-21,0
20-Jul-21,0
21-Jul-21,0
22-Jul-21,0.911
23-Jul-21,0.203
24-Jul-21,9.646
25-Jul-21,8.742
26-Jul-21,0
27-Jul-21,0
28-Jul-21,0
29-Jul-21,12.038
30-Jul-21,5.47
31-Jul-21,0
1-Aug-21,5.768
2-Aug-21,0
3-Aug-21,2.743
4-Aug-21,0
5-Aug-21,8.131
6-Aug-21,0
7-Aug-21,4.752
8-Aug-21,2.631
9-Aug-21,9.701
10-Aug-21,1.317
11-Aug-21,4.793
12-Aug-21,2.092
13-Aug-21,6.037
14-Aug-21,16.23
15-Aug-21,12.091
16-Aug-21,2.427
17-Aug-21,4.784
18-Aug-21,3.755
19-Aug-21,0
20-Aug-21,4.855
21-Aug-21,0
22-Aug-21,5.387
23-Aug-21,6.826
24-Aug-21,16.948
25-Aug-21,11.014
26-Aug-21,4.724
27-Aug-21,5.145
28-Aug-21,14.996
29-Aug-21,9.739
30-Aug-21,11.808
31-Aug-21,8.26
1-Sep-21,14.952
2-Sep-21,21.591
3-Sep-21,17.766
4-Sep-21,7.257
5-Sep-21,7.821
6-Sep-21,9.155
7-Sep-21,13.875
8-Sep-21,8.697
9-Sep-21,0
10-Sep-21,14.784
11-Sep-21,4.071
12-Sep-21,1.088
13-Sep-21,14.694
14-Sep-21,24.243
15-Sep-21,5.31
16-Sep-21,6.134
17-Sep-21,4.547
18-Sep-21,7.658
19-Sep-21,8.653
20-Sep-21,6.703
21-Sep-21,0.284
22-Sep-21,5.856
23-Sep-21,20.95
24-Sep-21,19.674
25-Sep-21,5.548
26-Sep-21,0.515
27-Sep-21,12.606
28-Sep-21,1.595
29-Sep-21,13.466
30-Sep-21,8.835
1-Oct-21,16.393
2-Oct-21,14.365
3-Oct-21,1.829
4-Oct-21,36.092
5-Oct-21,9.906
6-Oct-21,10.892
7-Oct-21,2.022
8-Oct-21,8.76
9-Oct-21,10.857
10-Oct-21,0
11-Oct-21,9.84
12-Oct-21,6.88
13-Oct-21,32.192
14-Oct-21,1.869
15-Oct-21,10.281
16-Oct-21,6.42
17-Oct-21,7.772
18-Oct-21,0
19-Oct-21,10.502
20-Oct-21,13.9
21-Oct-21,14.822
22-Oct-21,11.528
23-Oct-21,20.897
24-Oct-21,0
25-Oct-21,0
26-Oct-21,17.342
27-Oct-21,2.659
28-Oct-21,0
29-Oct-21,19.919
30-Oct-21,19.919
31-Oct-21,2.815
1-Nov-21,15.108
2-Nov-21,0
3-Nov-21,15.002
4-Nov-21,4.067
5-Nov-21,0
6-Nov-21,10.836
7-Nov-21,16.101
8-Nov-21,14.824
9-Nov-21,19.888
10-Nov-21,0
11-Nov-21,6.6
12-Nov-21,5.962
13-Nov-21,19.814
14-Nov-21,17.887
15-Nov-21,14.961
16-Nov-21,3.445
17-Nov-21,15.225
18-Nov-21,5.791
19-Nov-21,0
20-Nov-21,2.833
21-Nov-21,0
22-Nov-21,13.267
23-Nov-21,0
24-Nov-21,7.918
25-Nov-21,0
26-Nov-21,0
27-Nov-21,0.922
28-Nov-21,5.795
29-Nov-21,5.961
30-Nov-21,13.596
1-Dec-21,0
2-Dec-21,0
3-Dec-21,0
4-Dec-21,1.287
5-Dec-21,0
6-Dec-21,0
7-Dec-21,0
8-Dec-21,0
9-Dec-21,0
10-Dec-21,0
11-Dec-21,0
12-Dec-21,0
13-Dec-21,0.204
14-Dec-21,0
15-Dec-21,0
16-Dec-21,0
17-Dec-21,0
18-Dec-21,0
19-Dec-21,0
20-Dec-21,0
21-Dec-21,0
22-Dec-21,21.121
23-Dec-21,4.318
24-Dec-21,0
25-Dec-21,0
26-Dec-21,0
27-Dec-21,0
28-Dec-21,0
29-Dec-21,0
30-Dec-21,0
31-Dec-21,0
1-Jan-22,0
2-Jan-22,0
3-Jan-22,0
4-Jan-22,0
5-Jan-22,0
6-Jan-22,0
7-Jan-22,0
8-Jan-22,0
9-Jan-22,0
10-Jan-22,0
11-Jan-22,0
12-Jan-22,0
13-Jan-22,0
14-Jan-22,0
15-Jan-22,0
16-Jan-22,0
17-Jan-22,0
18-Jan-22,0
19-Jan-22,0
20-Jan-22,0
21-Jan-22,0
22-Jan-22,0
23-Jan-22,0
24-Jan-22,0
25-Jan-22,0
26-Jan-22,0
27-Jan-22,0
28-Jan-22,0
29-Jan-22,0
30-Jan-22,0
31-Jan-22,0
1-Feb-22,0
2-Feb-22,0
3-Feb-22,0
4-Feb-22,0
5-Feb-22,0
6-Feb-22,0
7-Feb-22,0
8-Feb-22,0.349
9-Feb-22,0
10-Feb-22,0
11-Feb-22,0
12-Feb-22,0
13-Feb-22,0
14-Feb-22,4.582
15-Feb-22,2.231
16-Feb-22,0.929
17-Feb-22,0
18-Feb-22,0
19-Feb-22,0
20-Feb-22,0
21-Feb-22,6.594
22-Feb-22,0
23-Feb-22,0
24-Feb-22,0
25-Feb-22,0
26-Feb-22,0.118
27-Feb-22,0
28-Feb-22,0.182
1-Mar-22,0
2-Mar-22,0
3-Mar-22,0
4-Mar-22,0
5-Mar-22,0.172
6-Mar-22,0
7-Mar-22,0
8-Mar-22,0
9-Mar-22,0
10-Mar-22,0
11-Mar-22,0
12-Mar-22,0
13-Mar-22,0
14-Mar-22,0
15-Mar-22,0
16-Mar-22,0
17-Mar-22,0
18-Mar-22,12.028
19-Mar-22,10.23
20-Mar-22,7.229
21-Mar-22,12.1
22-Mar-22,5.473
23-Mar-22,0
24-Mar-22,0
25-Mar-22,0
26-Mar-22,0
27-Mar-22,6.443
28-Mar-22,8.355
29-Mar-22,12.332
30-Mar-22,6.166
31-Mar-22,18.497
1-Apr-22,0
2-Apr-22,13.594
3-Apr-22,1.08
4-Apr-22,0
5-Apr-22,0
6-Apr-22,2.392
7-Apr-22,0.864
8-Apr-22,0
9-Apr-22,0
10-Apr-22,0
11-Apr-22,2.715
12-Apr-22,0
13-Apr-22,0
14-Apr-22,6.634
15-Apr-22,2.04
16-Apr-22,21.907
17-Apr-22,0
18-Apr-22,4.827
19-Apr-22,5.876
20-Apr-22,13.278
21-Apr-22,4.362
22-Apr-22,0
23-Apr-22,0.792
24-Apr-22,0
25-Apr-22,0
26-Apr-22,0
27-Apr-22,0
28-Apr-22,6.082
29-Apr-22,18.011
30-Apr-22,4.352
1-May-22,5.316
2-May-22,8.27
3-May-22,5.24
4-May-22,0
5-May-22,3.106
6-May-22,1.315
7-May-22,0.498
8-May-22,0.696
9-May-22,4.258
10-May-22,3.162
11-May-22,0
12-May-22,9.261
13-May-22,3.154
14-May-22,0
15-May-22,7.391
16-May-22,8.501
17-May-22,4.251
18-May-22,19.789
19-May-22,4.946
20-May-22,0
21-May-22,2.8
22-May-22,4.175
23-May-22,2.708
24-May-22,2.394
25-May-22,2.009
26-May-22,6.643
27-May-22,9.281
28-May-22,1.476
29-May-22,5.763
30-May-22,8.764
31-May-22,0
1-Jun-22,1.18
2-Jun-22,12.826
3-Jun-22,13.706
4-Jun-22,4.197
5-Jun-22,2.596
6-Jun-22,1.824
7-Jun-22,5.311
8-Jun-22,0.861
9-Jun-22,0
10-Jun-22,6.543
11-Jun-22,3.347
12-Jun-22,7.573
13-Jun-22,0
14-Jun-22,0
15-Jun-22,0
16-Jun-22,4.086
17-Jun-22,5.157
18-Jun-22,7.315
19-Jun-22,4.739
20-Jun-22,2.918
21-Jun-22,5.335
22-Jun-22,6.872
23-Jun-22,7.403
24-Jun-22,0
25-Jun-22,0
26-Jun-22,5.691
27-Jun-22,2.173
28-Jun-22,7.009
29-Jun-22,4.608
30-Jun-22,10.895
1-Jul-22,7.519
2-Jul-22,10.862
3-Jul-22,0
4-Jul-22,0
5-Jul-22,0
6-Jul-22,20.004
7-Jul-22,17.29
8-Jul-22,19.631
9-Jul-22,9.792
10-Jul-22,2.658
11-Jul-22,8.695
12-Jul-22,5.48
13-Jul-22,0
14-Jul-22,10.959
15-Jul-22,5.48
16-Jul-22,2.411
17-Jul-22,12.199
18-Jul-22,2.853
19-Jul-22,8.921
20-Jul-22,12.973
21-Jul-22,8.722
22-Jul-22,0
23-Jul-22,10.101
24-Jul-22,0
25-Jul-22,14.371
26-Jul-22,8.898
27-Jul-22,9.118
28-Jul-22,0
29-Jul-22,0
30-Jul-22,1.731
31-Jul-22,11.593
1-Aug-22,9.474
2-Aug-22,3.562
3-Aug-22,8.279
4-Aug-22,7.395
5-Aug-22,5.254
6-Aug-22,11.075
7-Aug-22,16.553
8-Aug-22,2.449
9-Aug-22,1.109
10-Aug-22,13.196
11-Aug-22,0
12-Aug-22,0
13-Aug-22,0
14-Aug-22,6.18
15-Aug-22,10.732
16-Aug-22,9.027
17-Aug-22,6.698
18-Aug-22,3.756
19-Aug-22,6.147
20-Aug-22,7.284
21-Aug-22,6.623
22-Aug-22,2.137
23-Aug-22,9.719
24-Aug-22,3.056
25-Aug-22,0.63
26-Aug-22,4.809
27-Aug-22,3.304
28-Aug-22,8.315
29-Aug-22,2.707
30-Aug-22,13.215
31-Aug-22,3.304
1-Sep-22,12.222
2-Sep-22,21.818
3-Sep-22,9.796
4-Sep-22,11.038
5-Sep-22,5.056
6-Sep-22,21.282
7-Sep-22,14.031
8-Sep-22,0
9-Sep-22,0
10-Sep-22,8.633
11-Sep-22,15.289
12-Sep-22,9.75
13-Sep-22,1.709
14-Sep-22,0
15-Sep-22,5.364
16-Sep-22,11.174
17-Sep-22,16.761
18-Sep-22,5.587
19-Sep-22,1.815
20-Sep-22,9.632
21-Sep-22,14.903
22-Sep-22,12.968
23-Sep-22,11.369
24-Sep-22,7.246
25-Sep-22,16.064
26-Sep-22,4.314
27-Sep-22,5.11
28-Sep-22,5.251
29-Sep-22,3.814
30-Sep-22,13.381
1-Oct-22,10.104
2-Oct-22,23.794
3-Oct-22,12.606
4-Oct-22,12.236
5-Oct-22,10.926
6-Oct-22,8.057
7-Oct-22,8.057
8-Oct-22,11.98
9-Oct-22,9.979
10-Oct-22,1.709
11-Oct-22,4.231
12-Oct-22,0
13-Oct-22,6.986
14-Oct-22,4.629
15-Oct-22,0
16-Oct-22,0
17-Oct-22,0
18-Oct-22,0
19-Oct-22,0
20-Oct-22,0.216
21-Oct-22,13.362
22-Oct-22,0
23-Oct-22,8.938
24-Oct-22,24.811
25-Oct-22,12.494
26-Oct-22,18.948
27-Oct-22,18.948
28-Oct-22,0
29-Oct-22,0
30-Oct-22,0
31-Oct-22,0
1-Nov-22,0
2-Nov-22,0
3-Nov-22,1.102
4-Nov-22,0
5-Nov-22,13.654
6-Nov-22,0
7-Nov-22,6.993
8-Nov-22,0
9-Nov-22,0
10-Nov-22,0
11-Nov-22,1.72
12-Nov-22,7.084
13-Nov-22,8.13
14-Nov-22,0.809
15-Nov-22,7.084
16-Nov-22,9.097
17-Nov-22,15.81
18-Nov-22,18.156
19-Nov-22,17.125
20-Nov-22,21.149
21-Nov-22,0
22-Nov-22,20.487
23-Nov-22,10.648
24-Nov-22,5.739
25-Nov-22,0
26-Nov-22,8.025
27-Nov-22,11.446
28-Nov-22,8.113
29-Nov-22,8.113
30-Nov-22,1.594
1-Dec-22,5.183
2-Dec-22,11.463
3-Dec-22,13.723
4-Dec-22,0.242
5-Dec-22,4.888
6-Dec-22,1.843
7-Dec-22,0
8-Dec-22,0
9-Dec-22,0.655
10-Dec-22,0
11-Dec-22,0
12-Dec-22,0
13-Dec-22,0
14-Dec-22,0
15-Dec-22,0
16-Dec-22,0
17-Dec-22,0.07
18-Dec-22,0
19-Dec-22,0
20-Dec-22,0.085
21-Dec-22,2.546
22-Dec-22,1.624
23-Dec-22,0
24-Dec-22,0
25-Dec-22,0
26-Dec-22,0
27-Dec-22,0.275
28-Dec-22,0
29-Dec-22,0
30-Dec-22,0
31-Dec-22,3.982
1-Jan-23,1.626
2-Jan-23,0
3-Jan-23,0
4-Jan-23,2.681
5-Jan-23,2.987
6-Jan-23,0
7-Jan-23,1.737
8-Jan-23,0
9-Jan-23,0.783
10-Jan-23,4.645
11-Jan-23,0.13
12-Jan-23,4.253
13-Jan-23,0
14-Jan-23,0
15-Jan-23,0
16-Jan-23,0
17-Jan-23,0
18-Jan-23,0.324
19-Jan-23,0
20-Jan-23,0
21-Jan-23,0
22-Jan-23,0
23-Jan-23,0
24-Jan-23,0
25-Jan-23,0
26-Jan-23,0
27-Jan-23,0
28-Jan-23,0.363
29-Jan-23,0
30-Jan-23,0.185
31-Jan-23,0
1-Feb-23,0
2-Feb-23,0
3-Feb-23,0
4-Feb-23,0
5-Feb-23,0
6-Feb-23,0
7-Feb-23,0
8-Feb-23,0
9-Feb-23,0
10-Feb-23,0
11-Feb-23,0
12-Feb-23,0
13-Feb-23,0
14-Feb-23,1.036
15-Feb-23,0
16-Feb-23,0
17-Feb-23,0
18-Feb-23,0
19-Feb-23,0.892
20-Feb-23,0
21-Feb-23,0
22-Feb-23,0
23-Feb-23,6.025
24-Feb-23,0
25-Feb-23,0
26-Feb-23,0
27-Feb-23,0
28-Feb-23,3.256
1-Mar-23,0
2-Mar-23,0
3-Mar-23,0
4-Mar-23,0
5-Mar-23,0
6-Mar-23,0
7-Mar-23,0
8-Mar-23,0
9-Mar-23,0
10-Mar-23,0
11-Mar-23,0
12-Mar-23,0
13-Mar-23,0
14-Mar-23,0
15-Mar-23,0
16-Mar-23,0
17-Mar-23,0
18-Mar-23,0
19-Mar-23,0
20-Mar-23,6.826
21-Mar-23,0
22-Mar-23,0
23-Mar-23,0
24-Mar-23,0
25-Mar-23,0
26-Mar-23,0
27-Mar-23,0
28-Mar-23,0
29-Mar-23,0
30-Mar-23,0
31-Mar-23,0
1-Apr-23,0
2-Apr-23,0
3-Apr-23,4.732
4-Apr-23,1.509
5-Apr-23,0
6-Apr-23,0
7-Apr-23,0
8-Apr-23,0
9-Apr-23,11.89
10-Apr-23,0
11-Apr-23,0
12-Apr-23,2.477
13-Apr-23,0
14-Apr-23,0
15-Apr-23,12.647
16-Apr-23,12.522
17-Apr-23,0
18-Apr-23,0
19-Apr-23,0
20-Apr-23,0
21-Apr-23,0
22-Apr-23,0
23-Apr-23,0
24-Apr-23,0
25-Apr-23,20.115
26-Apr-23,8.262
27-Apr-23,0
28-Apr-23,0.524
29-Apr-23,9.832
30-Apr-23,3.675
1-May-23,0
2-May-23,3.473
3-May-23,3.542
4-May-23,0
5-May-23,0
6-May-23,0
7-May-23,0
8-May-23,13.672
9-May-23,3.476
10-May-23,4.702
11-May-23,7.804
12-May-23,15.519
13-May-23,0
14-May-23,0.398
15-May-23,0
16-May-23,0
17-May-23,11.512
18-May-23,3.4
19-May-23,0
20-May-23,0.238
21-May-23,8.84
22-May-23,0
23-May-23,1.573
24-May-23,6.96
25-May-23,0.87
26-May-23,10.452
27-May-23,6.603
28-May-23,3.777
29-May-23,0
30-May-23,0
31-May-23,5.226
1-Jun-23,9.271
2-Jun-23,9.559
3-Jun-23,1.98
4-Jun-23,10.693
5-Jun-23,10.634
6-Jun-23,10.724
7-Jun-23,10.724
8-Jun-23,10.724
9-Jun-23,0
10-Jun-23,2.713
11-Jun-23,0
12-Jun-23,6.89
13-Jun-23,0
14-Jun-23,13.78
15-Jun-23,5.086
16-Jun-23,9.701
17-Jun-23,8.466
18-Jun-23,0
19-Jun-23,2.881
20-Jun-23,12.352
21-Jun-23,3.339
22-Jun-23,1.216
23-Jun-23,1.329
24-Jun-23,3.339
25-Jun-23,8.049
26-Jun-23,4.384
27-Jun-23,10.998
28-Jun-23,1.436
29-Jun-23,4.487
30-Jun-23,9.969
1-Jul-23,9.271
2-Jul-23,7.692
3-Jul-23,6.502
4-Jul-23,2.641
5-Jul-23,8.189
6-Jul-23,6.363
7-Jul-23,4.781
8-Jul-23,0.725
9-Jul-23,3.182
10-Jul-23,1.169
11-Jul-23,1.908
12-Jul-23,4.408
13-Jul-23,8.732
14-Jul-23,8.153
15-Jul-23,2.961
16-Jul-23,14.562
17-Jul-23,5.42
18-Jul-23,1.474
19-Jul-23,9.518
20-Jul-23,7.184
21-Jul-23,7.587
22-Jul-23,0.369
23-Jul-23,15.122
24-Jul-23,1.527
25-Jul-23,7.561
26-Jul-23,7.631
27-Jul-23,6.09
28-Jul-23,11.664
29-Jul-23,0
30-Jul-23,0.632
31-Jul-23,7.823
1-Aug-23,0.752
2-Aug-23,1.629
3-Aug-23,6.984
4-Aug-23,0
5-Aug-23,0
6-Aug-23,0
7-Aug-23,4.418
8-Aug-23,0
9-Aug-23,0
10-Aug-23,7.174
11-Aug-23,2.273
12-Aug-23,2.463
13-Aug-23,6.772
14-Aug-23,7.621
15-Aug-23,1.859
16-Aug-23,6.39
17-Aug-23,4.246
18-Aug-23,3.374
19-Aug-23,8.226
20-Aug-23,7.078
21-Aug-23,6.348
22-Aug-23,2.474
23-Aug-23,0
24-Aug-23,0.771
25-Aug-23,4.324
26-Aug-23,6.058
27-Aug-23,5.724
28-Aug-23,4.574
29-Aug-23,5.724
30-Aug-23,2.506
31-Aug-23,7.403
1-Sep-23,7.995
2-Sep-23,7.346
3-Sep-23,7.807
4-Sep-23,2.581
5-Sep-23,10.936
6-Sep-23,8.382
7-Sep-23,7.271
8-Sep-23,13.142
9-Sep-23,8.328
10-Sep-23,1.026
11-Sep-23,4.341
12-Sep-23,0.445
13-Sep-23,1.564
14-Sep-23,10.839
15-Sep-23,0.693
16-Sep-23,5.812
17-Sep-23,10.56
18-Sep-23,4.152
19-Sep-23,9.218
20-Sep-23,9.218
21-Sep-23,12.974
22-Sep-23,8.722
23-Sep-23,8.497
24-Sep-23,10.137
25-Sep-23,3.949
26-Sep-23,8.931
27-Sep-23,12.27
28-Sep-23,0
29-Sep-23,7.035
30-Sep-23,9.067
1-Oct-23,19.411
2-Oct-23,13.344
3-Oct-23,2.696
4-Oct-23,0
5-Oct-23,5.321
6-Oct-23,1.414
7-Oct-23,8.31
8-Oct-23,4.853
9-Oct-23,1.495
10-Oct-23,5.365
11-Oct-23,9.988
12-Oct-23,10.035
13-Oct-23,4.484
14-Oct-23,7
15-Oct-23,13.229
16-Oct-23,11.249
17-Oct-23,12.333
18-Oct-23,5.711
19-Oct-23,20.316
20-Oct-23,11.434
21-Oct-23,14.446
22-Oct-23,18.65
23-Oct-23,9.297
24-Oct-23,17.618
25-Oct-23,5.011
26-Oct-23,5.312
27-Oct-23,12.338
28-Oct-23,24.282
29-Oct-23,15.693
30-Oct-23,2.701
31-Oct-23,10.337
1-Nov-23,10.957
2-Nov-23,6.26
3-Nov-23,8.353
4-Nov-23,6.606
5-Nov-23,10.363
6-Nov-23,3.86
7-Nov-23,4.859
8-Nov-23,9.133
9-Nov-23,10.405
10-Nov-23,8.518
11-Nov-23,9.683
12-Nov-23,4.683
13-Nov-23,0
14-Nov-23,3.421
15-Nov-23,0
16-Nov-23,4.748
17-Nov-23,0.572
18-Nov-23,0
19-Nov-23,0
20-Nov-23,0
21-Nov-23,0
22-Nov-23,0
23-Nov-23,3.963
24-Nov-23,0
25-Nov-23,0
26-Nov-23,2.13
27-Nov-23,0
28-Nov-23,1.68
29-Nov-23,0
30-Nov-23,1.344
1-Dec-23,0
2-Dec-23,11.147
3-Dec-23,0
4-Dec-23,0
5-Dec-23,0
6-Dec-23,8.896
7-Dec-23,0
8-Dec-23,0
9-Dec-23,0
10-Dec-23,0
11-Dec-23,0
12-Dec-23,0
13-Dec-23,0
14-Dec-23,0
15-Dec-23,0
16-Dec-23,0
17-Dec-23,0
18-Dec-23,0
19-Dec-23,0
20-Dec-23,0
21-Dec-23,0
22-Dec-23,0
23-Dec-23,0
24-Dec-23,0.192
25-Dec-23,0
26-Dec-23,0
27-Dec-23,0
28-Dec-23,0
29-Dec-23,0
30-Dec-23,0
31-Dec-23,0
1-Jan-24,0
2-Jan-24,0
3-Jan-24,0
4-Jan-24,0
5-Jan-24,0
6-Jan-24,0
7-Jan-24,0
8-Jan-24,0
9-Jan-24,0
10-Jan-24,0
11-Jan-24,0
12-Jan-24,0
13-Jan-24,0
14-Jan-24,0
15-Jan-24,0
16-Jan-24,0
17-Jan-24,0
18-Jan-24,0
19-Jan-24,0
20-Jan-24,0
21-Jan-24,0
22-Jan-24,0
23-Jan-24,0
24-Jan-24,0
25-Jan-24,0
26-Jan-24,0
27-Jan-24,0
28-Jan-24,0
29-Jan-24,0
30-Jan-24,0
31-Jan-24,0
1-Feb-24,0
2-Feb-24,0
3-Feb-24,0
4-Feb-24,0
5-Feb-24,0
6-Feb-24,0
7-Feb-24,0
8-Feb-24,0
9-Feb-24,0
10-Feb-24,0
11-Feb-24,0
12-Feb-24,0
13-Feb-24,0
14-Feb-24,0
15-Feb-24,0
16-Feb-24,0
17-Feb-24,0
18-Feb-24,0
19-Feb-24,0
20-Feb-24,0
21-Feb-24,0
22-Feb-24,0
23-Feb-24,0
24-Feb-24,0
25-Feb-24,0
26-Feb-24,0
27-Feb-24,0
28-Feb-24,0
29-Feb-24,0
1-Mar-24,0
2-Mar-24,0
3-Mar-24,0
4-Mar-24,0
5-Mar-24,0
6-Mar-24,0
7-Mar-24,0
8-Mar-24,0
9-Mar-24,0
10-Mar-24,0
11-Mar-24,0
12-Mar-24,0
13-Mar-24,0
14-Mar-24,0
15-Mar-24,0
16-Mar-24,0
17-Mar-24,0
18-Mar-24,0
19-Mar-24,0
20-Mar-24,0
21-Mar-24,0
22-Mar-24,0
23-Mar-24,0
24-Mar-24,0.511
25-Mar-24,0
26-Mar-24,0
27-Mar-24,0
28-Mar-24,14.131
29-Mar-24,13.562
30-Mar-24,0
31-Mar-24,0
1-Apr-24,0
2-Apr-24,2.03
3-Apr-24,0
4-Apr-24,0
5-Apr-24,0
6-Apr-24,0
7-Apr-24,0
8-Apr-24,2.136
9-Apr-24,0
10-Apr-24,0
11-Apr-24,0
12-Apr-24,0.119
13-Apr-24,1.448
14-Apr-24,0.029
15-Apr-24,0
16-Apr-24,0
17-Apr-24,0.566
18-Apr-24,0.194
19-Apr-24,0
20-Apr-24,0
21-Apr-24,0
22-Apr-24,0
23-Apr-24,0
24-Apr-24,0
25-Apr-24,0
26-Apr-24,0
27-Apr-24,0
28-Apr-24,0
29-Apr-24,0
30-Apr-24,0
1-May-24,0
2-May-24,0
3-May-24,4.716
4-May-24,5.051
5-May-24,3.596
6-May-24,1.484
7-May-24,11.038
8-May-24,0
9-May-24,6.908
10-May-24,0
11-May-24,0
12-May-24,2.755
13-May-24,5.239
14-May-24,0
15-May-24,10.135
16-May-24,6.371
17-May-24,7.296
18-May-24,0.942
19-May-24,1.209
20-May-24,2.794
21-May-24,5.899
22-May-24,5.422
23-May-24,4.998
24-May-24,0
25-May-24,6.305
26-May-24,3.276
27-May-24,5.075
28-May-24,4.93
29-May-24,9.484
30-May-24,15.445
31-May-24,9.792
1-Jun-24,0
2-Jun-24,8.123
3-Jun-24,0
4-Jun-24,0
5-Jun-24,12.242
6-Jun-24,0.927
7-Jun-24,7.769
8-Jun-24,8.784
9-Jun-24,12.922
10-Jun-24,0
11-Jun-24,9.561
12-Jun-24,1.296
13-Jun-24,0
14-Jun-24,0.69
15-Jun-24,6.574
16-Jun-24,0
17-Jun-24,4.537
18-Jun-24,1.832
19-Jun-24,20.977
20-Jun-24,22.626
21-Jun-24,15.685
22-Jun-24,13.118
23-Jun-24,4.404
24-Jun-24,8.686
25-Jun-24,11.171
26-Jun-24,0.635
27-Jun-24,7.529
28-Jun-24,8.17
29-Jun-24,0
30-Jun-24,1.452
1-Jul-24,1.596
2-Jul-24,12.617
3-Jul-24,12.916
4-Jul-24,12.335
5-Jul-24,5.826
6-Jul-24,0.314
7-Jul-24,16.718
8-Jul-24,6.738
9-Jul-24,18.02
10-Jul-24,3.775
11-Jul-24,4.482
12-Jul-24,5.746
13-Jul-24,0.505
14-Jul-24,20.178
15-Jul-24,23.555
16-Jul-24,0
17-Jul-24,1.888
18-Jul-24,0
19-Jul-24,13.825
20-Jul-24,13.259
21-Jul-24,0
22-Jul-24,11.574
23-Jul-24,0
24-Jul-24,1.667
25-Jul-24,1.141
26-Jul-24,0
27-Jul-24,12.546
28-Jul-24,7.663
29-Jul-24,0
30-Jul-24,0
31-Jul-24,20.19
1-Aug-24,4.062
2-Aug-24,1.95
3-Aug-24,7.078
4-Aug-24,11.31
5-Aug-24,6.165
6-Aug-24,1.791
7-Aug-24,11.317
8-Aug-24,1.748
9-Aug-24,4.722
10-Aug-24,0
11-Aug-24,0
12-Aug-24,0
13-Aug-24,0
14-Aug-24,2.219
15-Aug-24,5.637
16-Aug-24,10.571
17-Aug-24,0
18-Aug-24,0
19-Aug-24,0
20-Aug-24,0
21-Aug-24,0.413
22-Aug-24,3.367
23-Aug-24,4.971
24-Aug-24,2.925
25-Aug-24,6.891
26-Aug-24,4.027
27-Aug-24,10.591
28-Aug-24,11.959
29-Aug-24,6.123
30-Aug-24,6.896
31-Aug-24,7.554
